Ocena dokonèanih stanovanj po številu sob in površini, po obèinah, Slovenija, letno;;;;;;;;;;;;;;;;;;;;;;;;;;;;;;;;;;;;;;;;;;;;;;;;;;;;;;;;;;;;;;;;;;;
;;;;;;;;;;;;;;;;;;;;;;;;;;;;;;;;;;;;;;;;;;;;;;;;;;;;;;;;;;;;;;;;;;;
OBÈINE;MERITVE;2010 Stanovanja - SKUPAJ;2010 Enosobna;2010 Dvosobna;2010 Trisobna;2010 Štirisobna;2010 Pet- in veèsobna;2011 Stanovanja - SKUPAJ;2011 Enosobna;2011 Dvosobna;2011 Trisobna;2011 Štirisobna;2011 Pet- in veèsobna;2012 Stanovanja - SKUPAJ;2012 Enosobna;2012 Dvosobna;2012 Trisobna;2012 Štirisobna;2012 Pet- in veèsobna;2013 Stanovanja - SKUPAJ;2013 Enosobna;2013 Dvosobna;2013 Trisobna;2013 Štirisobna;2013 Pet- in veèsobna;2014 Stanovanja - SKUPAJ;2014 Enosobna;2014 Dvosobna;2014 Trisobna;2014 Štirisobna;2014 Pet- in veèsobna;2015 Stanovanja - SKUPAJ;2015 Enosobna;2015 Dvosobna;2015 Trisobna;2015 Štirisobna;2015 Pet- in veèsobna;2016 Stanovanja - SKUPAJ;2016 Enosobna;2016 Dvosobna;2016 Trisobna;2016 Štirisobna;2016 Pet- in veèsobna;2017 Stanovanja - SKUPAJ;2017 Enosobna;2017 Dvosobna;2017 Trisobna;2017 Štirisobna;2017 Pet- in veèsobna;2018 Stanovanja - SKUPAJ;2018 Enosobna;2018 Dvosobna;2018 Trisobna;2018 Štirisobna;2018 Pet- in veèsobna;2019 Stanovanja - SKUPAJ;2019 Enosobna;2019 Dvosobna;2019 Trisobna;2019 Štirisobna;2019 Pet- in veèsobna;2020 Stanovanja - SKUPAJ;2020 Enosobna;2020 Dvosobna;2020 Trisobna;2020 Štirisobna;2020 Pet- in veèsobna
SLOVENIJA;Število;6355;522;908;1256;1458;2211;5498;428;863;852;1147;2208;4307;401;445;657;944;1860;3484;157;426;591;831;1479;3163;216;353;434;699;1461;2776;154;231;385;636;1370;2975;155;240;477;730;1373;3044;197;290;448;688;1421;3037;124;316;499;748;1350;3415;141;361;653;868;1392;3540;219;321;644;765;1591
SLOVENIJA;Površina [m2];822112;21115;54056;123296;207546;416099;727888;17981;51437;84544;167490;406436;596388;15267;29115;65409;138981;347616;507928;11130;31060;55243;127053;283442;458939;8151;22371;45684;105422;277311;408480;8295;15630;39524;95259;249772;450161;8296;16527;53241;108690;263407;440986;10247;20923;47953;102258;259605;447993;7744;23935;53719;109743;252852;471997;8566;24543;67565;119832;251491;508285;15463;24147;69479;113868;285328
Ajdovšèina;Število;51;0;2;7;19;23;42;0;0;5;11;26;73;0;4;21;18;30;33;1;1;5;6;20;38;0;0;2;8;28;46;2;1;5;6;32;38;2;2;4;11;19;38;1;2;3;9;23;38;3;4;10;10;11;30;1;1;6;10;12;33;1;1;3;10;18
Ajdovšèina;Površina [m2];8709;0;152;965;2923;4669;8680;0;0;742;1847;6091;11046;0;270;2249;2167;6360;5077;51;77;645;767;3537;6768;0;0;195;991;5582;7219;110;73;344;1223;5469;5593;153;204;412;1202;3622;6033;46;126;324;1281;4256;5392;181;382;1116;1586;2127;4251;40;55;725;1500;1931;5525;192;45;369;1633;3286
Ankaran/Ancarano;Število;-;-;-;-;-;-;-;-;-;-;-;-;-;-;-;-;-;-;-;-;-;-;-;-;-;-;-;-;-;-;0;0;0;0;0;0;3;0;0;0;1;2;1;0;0;0;1;0;1;0;0;1;0;0;0;0;0;0;0;0;1;0;0;1;0;0
Ankaran/Ancarano;Površina [m2];-;-;-;-;-;-;-;-;-;-;-;-;-;-;-;-;-;-;-;-;-;-;-;-;-;-;-;-;-;-;0;0;0;0;0;0;666;0;0;0;284;382;102;0;0;0;102;0;106;0;0;106;0;0;0;0;0;0;0;0;85;0;0;85;0;0
Apaèe;Število;12;0;1;1;6;4;10;1;1;0;3;5;17;0;2;0;6;9;12;0;1;2;4;5;9;0;0;3;4;2;8;2;0;1;2;3;16;0;4;2;1;9;9;3;1;0;3;2;15;3;1;4;4;3;7;0;1;3;3;0;9;0;0;4;1;4
Apaèe;Površina [m2];2227;0;76;109;1480;562;1932;99;132;0;511;1190;2989;0;290;0;788;1911;1797;0;210;210;541;836;1361;0;0;352;605;404;1119;76;0;64;465;514;1903;0;399;208;146;1150;1202;170;137;0;455;440;2151;174;76;509;593;799;965;0;85;444;436;0;1730;0;0;740;90;900
Beltinci;Število;15;0;2;2;5;6;20;0;2;4;8;6;14;0;2;2;1;9;10;0;0;2;3;5;16;1;2;1;4;8;20;1;3;2;1;13;12;0;2;1;6;3;13;0;0;1;3;9;23;0;0;2;1;20;35;3;5;5;11;11;10;0;0;0;3;7
Beltinci;Površina [m2];2137;0;110;318;582;1127;2876;0;79;434;1306;1057;2026;0;90;237;142;1557;1518;0;0;241;503;774;2081;16;132;79;577;1277;2140;43;195;215;99;1588;1292;0;122;77;684;409;1720;0;0;62;347;1311;2778;0;0;123;139;2516;3407;111;354;394;1222;1326;1743;0;0;0;365;1378
Benedikt;Število;11;0;0;3;2;6;18;3;9;1;1;4;21;3;11;3;1;3;8;0;0;0;3;5;11;0;2;0;4;5;2;0;0;0;2;0;17;0;0;3;3;11;15;0;0;2;9;4;17;0;0;2;6;9;14;0;1;0;8;5;19;2;2;3;5;7
Benedikt;Površina [m2];1626;0;0;279;387;960;2019;160;591;273;171;824;1865;163;736;223;136;607;1195;0;0;0;375;820;1607;0;243;0;665;699;303;0;0;0;303;0;2533;0;0;359;462;1712;2815;0;0;402;1199;1214;2729;0;0;191;710;1828;1983;0;66;0;1088;829;2411;66;115;287;430;1513
Bistrica ob Sotli;Število;2;0;0;0;0;2;5;0;0;1;1;3;4;0;1;1;0;2;4;2;0;0;1;1;5;0;1;2;0;2;5;0;0;0;0;5;3;0;0;1;0;2;1;0;0;0;0;1;1;0;0;1;0;0;1;0;0;0;0;1;1;0;0;0;0;1
Bistrica ob Sotli;Površina [m2];233;0;0;0;0;233;694;0;0;90;91;513;445;0;62;88;0;295;263;54;0;0;74;135;743;0;54;210;0;479;740;0;0;0;0;740;500;0;0;107;0;393;123;0;0;0;0;123;95;0;0;95;0;0;126;0;0;0;0;126;165;0;0;0;0;165
Bled;Število;24;0;2;0;11;11;5;0;2;1;0;2;9;0;0;4;0;5;12;0;0;4;5;3;10;0;0;1;2;7;17;1;1;4;3;8;17;0;0;2;6;9;95;26;48;14;2;5;6;0;0;1;1;4;17;0;1;6;3;7;71;60;0;1;5;5
Bled;Površina [m2];3556;0;127;0;1543;1886;701;0;94;103;0;504;1539;0;0;556;0;983;1671;0;0;379;814;478;1819;0;0;182;353;1284;3191;70;149;585;607;1780;3613;0;0;252;1193;2168;8474;2135;3795;1243;166;1135;1491;0;0;171;189;1131;2792;0;74;575;408;1735;6405;4185;0;143;1096;981
Bloke;Število;7;0;2;1;1;3;6;0;0;1;1;4;8;1;0;1;3;3;6;0;0;1;3;2;1;0;0;0;1;0;2;0;0;0;1;1;3;0;0;1;2;0;2;0;1;0;1;0;0;0;0;0;0;0;3;0;0;1;0;2;1;0;0;1;0;0
Bloke;Površina [m2];1186;0;150;272;129;635;865;0;0;125;129;611;1262;28;0;90;443;701;934;0;0;53;446;435;71;0;0;0;71;0;356;0;0;0;240;116;541;0;0;99;442;0;177;0;53;0;124;0;0;0;0;0;0;0;428;0;0;160;0;268;128;0;0;128;0;0
Bohinj;Število;28;0;12;6;1;9;30;1;4;16;5;4;7;0;0;0;4;3;10;0;2;4;2;2;14;1;4;5;2;2;4;0;0;1;2;1;14;2;1;4;1;6;24;4;3;9;3;5;9;0;1;4;2;2;9;0;0;1;5;3;10;0;0;4;4;2
Bohinj;Površina [m2];3303;0;1072;480;155;1596;2450;25;222;1102;524;577;679;0;0;0;464;215;1018;0;141;339;206;332;1311;42;146;454;351;318;457;0;0;53;284;120;1406;63;47;302;113;881;2605;144;124;788;812;737;1225;0;45;336;345;499;1144;0;0;64;772;308;2202;0;0;843;928;431
Borovnica;Število;206;45;24;14;116;7;7;0;1;0;2;4;10;0;1;0;1;8;2;1;0;0;0;1;11;0;0;0;0;11;8;0;1;0;0;7;9;1;0;2;2;4;8;1;0;0;1;6;1;0;0;1;0;0;4;0;0;0;0;4;7;0;0;2;2;3
Borovnica;Površina [m2];16530;1474;1264;1013;11426;1353;1407;0;65;0;331;1011;1845;0;235;0;82;1528;486;231;0;0;0;255;2244;0;0;0;0;2244;1526;0;98;0;0;1428;1318;48;0;185;235;850;1123;49;0;0;126;948;66;0;0;66;0;0;949;0;0;0;0;949;830;0;0;164;179;487
Bovec;Število;29;5;8;9;5;2;4;0;1;0;2;1;7;0;4;0;0;3;8;0;0;1;4;3;5;0;0;2;1;2;3;0;1;0;0;2;17;1;1;7;6;2;2;0;1;1;0;0;5;0;1;1;1;2;2;0;0;0;1;1;7;0;1;3;1;2
Bovec;Površina [m2];2311;257;384;677;770;223;530;0;92;0;281;157;859;0;196;0;0;663;1089;0;0;80;572;437;777;0;0;259;99;419;360;0;130;0;0;230;1585;27;50;545;658;305;140;0;55;85;0;0;758;0;60;85;199;414;406;0;0;0;154;252;857;0;149;286;92;330
Braslovèe;Število;25;0;1;2;11;11;9;0;1;0;4;4;10;0;0;0;5;5;18;1;1;1;5;10;19;0;0;1;11;7;16;0;0;5;4;7;13;0;0;3;4;6;12;0;0;0;7;5;27;0;12;5;8;2;18;0;0;1;9;8;17;0;1;3;6;7
Braslovèe;Površina [m2];5282;0;99;269;2360;2554;1514;0;85;0;565;864;1793;0;0;0;927;866;2913;38;102;97;773;1903;3832;0;0;112;2456;1264;2555;0;0;586;879;1090;2064;0;0;488;613;963;1816;0;0;0;881;935;2934;0;701;573;1323;337;2783;0;0;153;1191;1439;2778;0;98;317;1005;1358
Brda;Število;21;0;0;4;6;11;18;0;0;2;2;14;9;0;0;0;5;4;13;0;2;2;2;7;7;0;0;2;2;3;18;0;0;6;3;9;10;1;0;0;4;5;9;0;0;0;1;8;13;0;1;1;2;9;13;2;2;0;0;9;11;0;0;3;0;8
Brda;Površina [m2];3242;0;0;426;1297;1519;2898;0;0;117;239;2542;1622;0;0;0;965;657;1937;0;130;157;384;1266;790;0;0;201;241;348;2488;0;0;617;429;1442;1603;224;0;0;386;993;2099;0;0;0;204;1895;1898;0;92;71;278;1457;2326;119;99;0;0;2108;2156;0;0;735;0;1421
Brezovica;Število;45;0;2;2;22;19;32;0;0;0;16;16;16;0;1;2;2;11;15;0;0;1;0;14;11;0;0;0;2;9;25;0;1;0;11;13;20;0;3;3;3;11;16;1;0;0;5;10;21;0;2;5;6;8;24;0;1;1;5;17;27;0;1;2;8;16
Brezovica;Površina [m2];6585;0;156;169;2806;3454;5349;0;0;0;2299;3050;3153;0;163;174;429;2387;2847;0;0;86;0;2761;1866;0;0;0;216;1650;3662;0;98;0;1337;2227;3401;0;353;388;368;2292;2686;90;0;0;752;1844;2792;0;136;399;683;1574;5009;0;107;344;748;3810;6345;0;71;282;1879;4113
Brežice;Število;87;4;5;15;27;36;55;1;3;11;8;32;40;0;1;4;11;24;45;0;0;8;13;24;24;1;0;3;6;14;27;0;0;5;8;14;30;2;4;5;9;10;53;3;15;6;10;19;23;1;2;5;5;10;38;4;2;6;8;18;83;0;8;37;8;30
Brežice;Površina [m2];12383;330;379;2018;2897;6759;8078;83;279;1253;908;5555;6266;0;150;845;1585;3686;6444;0;0;840;1718;3886;3814;111;0;203;1076;2424;4063;0;0;597;1019;2447;4872;96;372;685;1856;1863;6618;198;918;817;1653;3032;3598;76;452;743;600;1727;5356;226;149;515;1291;3175;10107;0;811;3622;1220;4454
Cankova;Število;5;0;2;1;1;1;1;0;0;0;0;1;4;0;0;1;0;3;2;1;0;0;0;1;1;1;0;0;0;0;1;0;1;0;0;0;5;1;1;1;0;2;5;0;3;0;2;0;1;0;0;0;0;1;3;1;0;0;0;2;2;0;0;0;2;0
Cankova;Površina [m2];422;0;80;111;137;94;122;0;0;0;0;122;952;0;0;129;0;823;303;100;0;0;0;203;17;17;0;0;0;0;56;0;56;0;0;0;597;63;71;115;0;348;439;0;108;0;331;0;159;0;0;0;0;159;851;60;0;0;0;791;324;0;0;0;324;0
Celje;Število;57;2;0;8;17;30;42;0;1;8;3;30;21;0;0;2;7;12;22;1;1;4;7;9;18;1;1;0;8;8;18;1;4;3;3;7;24;1;0;7;4;12;28;6;0;7;6;9;25;2;0;2;13;8;23;0;0;3;15;5;69;2;39;7;15;6
Celje;Površina [m2];10426;216;0;1231;2675;6304;8316;0;29;976;543;6768;3892;0;0;249;1097;2546;3964;31;101;483;1240;2109;3097;58;87;0;1403;1549;2662;30;229;402;711;1290;4018;151;0;733;487;2647;3085;201;0;404;831;1649;4999;109;0;206;2253;2431;3358;0;0;90;2437;831;5870;260;2020;604;1691;1295
Cerklje na Gorenjskem;Število;34;0;1;1;16;16;29;0;1;0;8;20;18;0;0;2;7;9;9;2;0;0;4;3;37;3;12;10;5;7;10;0;0;0;6;4;19;3;2;3;6;5;8;0;0;3;1;4;19;0;1;4;4;10;7;0;0;0;1;6;23;1;0;3;1;18
Cerklje na Gorenjskem;Površina [m2];5514;0;60;93;1742;3619;5826;0;96;0;1590;4140;3586;0;0;401;1607;1578;1679;451;0;0;740;488;3631;91;676;783;795;1286;1844;0;0;0;1008;836;1836;97;108;275;612;744;827;0;0;192;232;403;2956;0;99;392;694;1771;1264;0;0;0;37;1227;3579;32;0;409;80;3058
Cerknica;Število;32;0;0;4;3;25;30;2;0;0;8;20;29;1;1;3;8;16;19;0;0;2;7;10;24;0;0;3;11;10;15;0;0;2;6;7;15;0;0;2;3;10;25;1;0;4;9;11;22;0;1;3;5;13;19;0;2;2;5;10;11;0;0;3;2;6
Cerknica;Površina [m2];6412;0;0;486;453;5473;5382;160;0;0;1214;4008;5774;45;41;317;1419;3952;3615;0;0;214;1309;2092;4293;0;0;359;1835;2099;3044;0;0;246;1370;1428;2969;0;0;175;659;2135;4547;72;0;475;1539;2461;3550;0;114;299;858;2279;2985;0;117;248;935;1685;1608;0;0;361;367;880
Cerkno;Število;8;0;1;0;1;6;11;0;1;1;2;7;6;0;1;0;1;4;2;0;0;0;1;1;13;0;2;6;2;3;6;0;1;0;4;1;11;0;0;3;2;6;14;0;0;3;5;6;10;1;1;0;1;7;7;0;0;1;4;2;6;0;2;0;0;4
Cerkno;Površina [m2];1236;0;102;0;103;1031;1665;0;61;131;194;1279;965;0;69;0;248;648;463;0;0;0;224;239;2041;0;120;526;554;841;981;0;92;0;614;275;1980;0;0;212;529;1239;2914;0;0;389;1000;1525;1996;30;188;0;213;1565;924;0;0;132;458;334;1092;0;130;0;0;962
Cerkvenjak;Število;9;0;0;4;2;3;23;0;12;0;5;6;5;0;1;1;0;3;8;0;1;1;2;4;4;0;0;1;2;1;4;0;0;0;3;1;10;1;0;1;3;5;6;0;0;1;1;4;7;0;0;0;4;3;12;0;0;0;3;9;5;0;0;2;2;1
Cerkvenjak;Površina [m2];1319;0;0;547;261;511;2963;0;751;0;788;1424;746;0;62;91;0;593;1190;0;59;118;280;733;678;0;0;87;361;230;724;0;0;0;573;151;1340;36;0;82;436;786;1517;0;0;100;129;1288;1431;0;0;0;659;772;2584;0;0;0;444;2140;738;0;0;244;351;143
Cirkulane;Število;4;0;0;2;0;2;5;0;0;2;0;3;1;0;0;0;0;1;0;0;0;0;0;0;1;0;1;0;0;0;3;0;0;2;0;1;5;0;0;2;3;0;3;0;0;3;0;0;14;0;4;2;4;4;8;0;3;1;4;0;3;0;0;1;1;1
Cirkulane;Površina [m2];428;0;0;108;0;320;822;0;0;140;0;682;166;0;0;0;0;166;0;0;0;0;0;0;64;0;64;0;0;0;322;0;0;167;0;155;451;0;0;188;263;0;194;0;0;194;0;0;1899;0;316;142;442;999;1182;0;279;192;711;0;464;0;0;185;65;214
Èrenšovci;Število;12;0;0;2;1;9;12;0;0;1;5;6;11;0;3;0;3;5;19;0;1;1;7;10;9;0;0;0;3;6;5;0;0;3;1;1;18;0;0;10;0;8;3;0;0;1;2;0;10;0;1;2;4;3;4;0;0;1;0;3;10;0;1;1;3;5
Èrenšovci;Površina [m2];2193;0;0;272;172;1749;1997;0;0;56;702;1239;1531;0;266;0;523;742;3723;0;65;149;1121;2388;1400;0;0;0;355;1045;597;0;0;330;94;173;2118;0;0;865;0;1253;225;0;0;54;171;0;1001;0;61;168;338;434;708;0;0;200;0;508;1255;0;72;63;324;796
Èrna na Koroškem;Število;2;0;1;0;1;0;7;0;1;1;3;2;1;0;0;1;0;0;4;0;0;0;2;2;3;0;0;0;0;3;2;0;0;1;0;1;6;0;1;0;1;4;5;0;2;0;0;3;3;0;0;1;1;1;2;0;0;0;1;1;1;0;0;0;1;0
Èrna na Koroškem;Površina [m2];240;0;86;0;154;0;769;0;49;58;349;313;195;0;0;195;0;0;571;0;0;0;344;227;463;0;0;0;0;463;240;0;0;81;0;159;1063;0;61;0;144;858;597;0;45;0;0;552;487;0;0;76;103;308;334;0;0;0;130;204;94;0;0;0;94;0
Èrnomelj;Število;26;1;3;9;9;4;25;0;2;4;8;11;74;11;23;30;7;3;26;0;6;6;13;1;12;1;2;3;4;2;23;13;0;0;3;7;14;0;1;4;6;3;12;0;3;2;4;3;12;0;1;3;1;7;52;1;23;10;14;4;13;1;0;0;5;7
Èrnomelj;Površina [m2];3446;40;222;1118;1272;794;3702;0;151;384;1314;1853;5200;361;1146;1923;1229;541;3767;0;603;706;2319;139;1218;17;116;196;558;331;2125;581;0;0;449;1095;2082;0;33;519;889;641;2150;0;335;200;643;972;2022;0;53;433;147;1389;4205;54;1110;687;1610;744;1409;37;0;0;366;1006
Destrnik;Število;2;0;0;0;1;1;8;0;0;2;1;5;5;0;1;2;0;2;4;0;0;0;2;2;2;0;0;1;1;0;3;0;0;2;1;0;7;1;0;1;3;2;4;0;0;0;2;2;9;0;0;0;4;5;8;0;0;3;4;1;8;0;1;1;4;2
Destrnik;Površina [m2];554;0;0;0;244;310;1257;0;0;195;126;936;848;0;85;256;0;507;694;0;0;0;416;278;403;0;0;174;229;0;263;0;0;108;155;0;764;20;0;162;288;294;818;0;0;0;360;458;1370;0;0;0;551;819;1476;0;0;521;775;180;1127;0;91;188;515;333
Divaèa;Število;12;0;2;0;0;10;8;0;0;0;4;4;6;0;0;2;3;1;10;0;0;2;5;3;9;0;0;0;4;5;7;0;0;1;4;2;8;0;0;3;4;1;2;0;0;0;1;1;2;0;0;1;0;1;3;0;2;0;1;0;7;1;1;3;1;1
Divaèa;Površina [m2];2554;0;316;0;0;2238;1087;0;0;0;557;530;1210;0;0;337;670;203;2004;0;0;258;1172;574;1562;0;0;0;647;915;1482;0;0;340;658;484;1582;0;0;312;1037;233;320;0;0;0;100;220;477;0;0;160;0;317;272;0;125;0;147;0;1137;243;153;405;108;228
Dobje;Število;4;0;0;1;1;2;3;0;1;0;0;2;3;1;0;1;0;1;6;0;1;0;2;3;1;0;0;0;0;1;2;0;1;0;0;1;1;0;0;0;0;1;3;0;0;0;0;3;0;0;0;0;0;0;2;0;0;0;0;2;3;1;0;0;0;2
Dobje;Površina [m2];721;0;0;194;120;407;530;0;45;0;0;485;287;79;0;65;0;143;941;0;23;0;527;391;181;0;0;0;0;181;226;0;102;0;0;124;154;0;0;0;0;154;624;0;0;0;0;624;0;0;0;0;0;0;478;0;0;0;0;478;426;77;0;0;0;349
Dobrepolje;Število;18;1;1;1;3;12;15;0;1;1;1;12;10;1;0;1;2;6;6;0;0;2;4;0;7;1;0;2;1;3;5;0;0;1;1;3;11;1;0;2;4;4;4;0;0;1;2;1;4;0;0;1;1;2;10;1;0;5;2;2;4;0;0;0;3;1
Dobrepolje;Površina [m2];2605;44;40;138;398;1985;2896;0;66;155;290;2385;1539;48;0;192;256;1043;934;0;0;210;724;0;1171;35;0;276;260;600;1035;0;0;123;144;768;2128;232;0;252;751;893;794;0;0;172;385;237;681;0;0;125;227;329;1619;220;0;677;347;375;848;0;0;0;592;256
Dobrna;Število;5;0;0;1;0;4;9;1;0;2;1;5;3;0;0;0;2;1;4;0;0;0;2;2;3;0;0;1;1;1;2;1;0;0;1;0;4;0;0;0;1;3;5;0;0;2;1;2;3;0;1;0;0;2;2;0;0;0;1;1;4;0;0;0;2;2
Dobrna;Površina [m2];885;0;0;99;0;786;1606;82;0;244;185;1095;720;0;0;0;500;220;805;0;0;0;361;444;494;0;0;86;163;245;225;21;0;0;204;0;578;0;0;0;108;470;843;0;0;186;150;507;674;0;73;0;0;601;697;0;0;0;450;247;877;0;0;0;351;526
Dobrova - Polhov Gradec;Število;8;0;0;2;2;4;7;0;0;0;2;5;9;0;0;1;1;7;11;0;0;0;0;11;20;0;1;1;3;15;7;1;0;1;2;3;15;0;0;1;2;12;10;0;0;0;1;9;10;0;0;0;2;8;12;0;0;0;4;8;18;0;0;2;4;12
Dobrova - Polhov Gradec;Površina [m2];1501;0;0;213;402;886;1731;0;0;0;418;1313;1754;0;0;176;150;1428;2021;0;0;0;0;2021;3330;0;68;85;620;2557;1196;26;0;81;368;721;2863;0;0;231;302;2330;1626;0;0;0;133;1493;2524;0;0;0;252;2272;2215;0;0;0;939;1276;3742;0;0;258;794;2690
Dobrovnik/Dobronak;Število;4;0;0;2;1;1;1;1;0;0;0;0;0;0;0;0;0;0;1;0;0;0;0;1;4;0;2;1;0;1;3;1;0;1;1;0;2;0;0;0;0;2;5;0;2;0;3;0;3;1;0;1;0;1;1;0;0;0;0;1;6;0;0;2;2;2
Dobrovnik/Dobronak;Površina [m2];575;0;0;221;114;240;70;70;0;0;0;0;0;0;0;0;0;0;175;0;0;0;0;175;364;0;154;90;0;120;264;63;0;102;99;0;207;0;0;0;0;207;461;0;139;0;322;0;223;39;0;33;0;151;73;0;0;0;0;73;561;0;0;127;177;257
Dol pri Ljubljani;Število;16;0;0;1;3;12;14;0;0;0;2;12;17;0;0;0;4;13;11;0;0;2;2;7;4;0;0;0;1;3;5;0;0;1;3;1;3;0;0;1;1;1;38;1;0;0;12;25;5;0;0;0;3;2;7;0;0;0;1;6;6;0;0;0;1;5
Dol pri Ljubljani;Površina [m2];2483;0;0;100;411;1972;2725;0;0;0;233;2492;3035;0;0;0;638;2397;1847;0;0;240;302;1305;949;0;0;0;167;782;686;0;0;207;408;71;548;0;0;220;157;171;3996;51;0;0;1026;2919;1010;0;0;0;801;209;1373;0;0;0;185;1188;877;0;0;0;138;739
Dolenjske Toplice;Število;5;0;0;1;1;3;5;0;0;0;2;3;6;0;0;0;2;4;6;0;0;0;2;4;1;0;0;0;1;0;5;0;0;1;2;2;5;0;0;1;0;4;6;0;0;1;1;4;8;0;0;0;3;5;6;0;0;1;3;2;9;0;0;1;4;4
Dolenjske Toplice;Površina [m2];598;0;0;81;83;434;727;0;0;0;243;484;903;0;0;0;215;688;942;0;0;0;255;687;98;0;0;0;98;0;719;0;0;105;164;450;1246;0;0;263;0;983;1018;0;0;248;85;685;1463;0;0;0;437;1026;921;0;0;173;370;378;1618;0;0;217;631;770
Domžale;Število;139;25;38;36;20;20;35;0;3;1;10;21;25;0;1;1;8;15;35;1;1;2;12;19;36;1;0;4;6;25;32;2;0;2;9;19;32;0;0;0;5;27;31;0;1;0;1;29;50;1;0;5;2;42;49;0;0;1;2;46;77;1;2;1;5;68
Domžale;Površina [m2];13665;1015;2286;3207;3034;4123;5322;0;141;52;1156;3973;4101;0;223;60;1416;2402;5448;157;47;124;1719;3401;5876;100;0;253;988;4535;4816;76;0;170;1216;3354;5607;0;0;0;588;5019;4978;0;30;0;199;4749;7738;50;0;362;125;7201;7807;0;0;77;281;7449;13049;49;98;65;646;12191
Dornava;Število;6;0;1;0;1;4;5;0;0;1;1;3;8;0;0;1;4;3;2;0;1;1;0;0;5;0;0;1;3;1;5;0;0;0;1;4;8;0;0;2;1;5;11;0;0;2;5;4;3;0;0;0;2;1;2;0;0;0;2;0;5;0;1;0;1;3
Dornava;Površina [m2];618;0;40;0;66;512;782;0;0;146;125;511;1235;0;0;49;549;637;132;0;84;48;0;0;710;0;0;82;382;246;622;0;0;0;60;562;1387;0;0;148;161;1078;1187;0;0;111;568;508;307;0;0;0;202;105;239;0;0;0;239;0;813;0;73;0;232;508
Dravograd;Število;22;0;2;11;9;0;12;0;2;3;7;0;16;1;4;10;1;0;20;0;3;15;2;0;15;0;0;8;7;0;15;4;4;5;2;0;8;0;0;4;4;0;7;1;2;2;2;0;10;0;2;5;3;0;10;0;2;1;5;2;7;2;1;2;1;1
Dravograd;Površina [m2];2733;0;107;1250;1376;0;1649;0;104;390;1155;0;1529;41;313;1005;170;0;2505;0;180;1885;440;0;2125;0;0;1086;1039;0;1543;140;275;600;528;0;1454;0;0;646;808;0;938;24;186;270;458;0;1402;0;240;642;520;0;1047;0;142;170;460;275;895;95;30;180;250;340
Duplek;Število;25;0;0;1;5;19;25;0;0;0;9;16;35;0;0;5;14;16;17;0;3;1;10;3;8;0;1;0;4;3;14;0;0;0;6;8;12;0;1;2;7;2;8;1;0;2;1;4;9;0;1;0;2;6;14;1;0;3;2;8;8;0;0;2;0;6
Duplek;Površina [m2];4088;0;0;106;720;3262;4468;0;0;0;1300;3168;5958;0;0;659;2118;3181;1989;0;172;87;1393;337;1415;0;68;0;575;772;2447;0;0;0;945;1502;1697;0;40;211;999;447;1051;61;0;284;102;604;1557;0;50;0;244;1263;1661;30;0;275;270;1086;1230;0;0;120;0;1110
Gorenja vas - Poljane;Število;41;14;3;7;7;10;29;0;1;1;10;17;21;0;0;1;4;16;13;0;0;0;6;7;29;0;0;3;8;18;12;0;1;0;7;4;18;0;1;2;7;8;4;0;0;1;0;3;12;0;0;0;3;9;24;0;2;1;7;14;15;0;0;5;4;6
Gorenja vas - Poljane;Površina [m2];4909;358;320;1056;1231;1944;7752;0;46;183;2603;4920;4200;0;0;207;605;3388;3293;0;0;0;1334;1959;6959;0;0;374;1652;4933;2487;0;131;0;1488;868;3150;0;103;303;1229;1515;761;0;0;125;0;636;2727;0;0;0;517;2210;6193;0;195;72;1869;4057;3550;0;0;1210;838;1502
Gorišnica;Število;4;0;0;0;1;3;8;0;0;1;3;4;1;0;1;0;0;0;3;1;0;0;1;1;7;1;0;3;2;1;1;0;0;0;0;1;12;0;2;5;3;2;15;1;1;3;3;7;6;1;0;2;1;2;26;2;5;13;1;5;13;0;1;4;5;3
Gorišnica;Površina [m2];703;0;0;0;139;564;969;0;0;178;254;537;146;0;146;0;0;0;863;161;0;0;360;342;918;64;0;380;266;208;201;0;0;0;0;201;1677;0;129;580;471;497;2220;34;312;345;513;1016;894;35;0;447;83;329;2804;85;260;1750;88;621;2004;0;85;435;885;599
Gorje;Število;13;0;0;10;1;2;8;0;1;0;0;7;2;0;0;1;1;0;7;0;0;0;7;0;3;0;0;1;0;2;6;0;0;0;3;3;0;0;0;0;0;0;2;0;0;1;1;0;5;0;0;2;2;1;4;0;0;1;3;0;3;0;0;1;1;1
Gorje;Površina [m2];1793;0;0;1049;156;588;1389;0;105;0;0;1284;243;0;0;93;150;0;1419;0;0;0;1419;0;401;0;0;88;0;313;1177;0;0;0;476;701;0;0;0;0;0;0;358;0;0;89;269;0;726;0;0;315;264;147;643;0;0;109;534;0;498;0;0;138;210;150
Gornja Radgona;Število;28;1;1;7;9;10;26;1;1;3;6;15;36;0;3;5;9;19;22;0;2;4;8;8;13;0;0;1;2;10;12;0;1;2;5;4;15;0;1;1;4;9;13;1;1;3;4;4;18;1;2;4;6;5;33;3;15;9;6;0;49;6;6;26;5;6
Gornja Radgona;Površina [m2];4483;125;142;810;1691;1715;4911;28;241;579;1040;3023;6987;0;334;943;1395;4315;3652;0;130;356;1224;1942;2476;0;0;147;274;2055;2297;0;70;458;700;1069;2991;0;182;143;756;1910;2433;80;60;525;720;1048;2953;50;176;756;968;1003;2691;77;618;847;1149;0;5545;753;305;2476;1038;973
Gornji Grad;Število;6;0;0;0;0;6;5;0;0;0;1;4;3;0;0;0;0;3;4;0;0;0;0;4;0;0;0;0;0;0;1;0;0;0;0;1;3;1;0;0;0;2;1;0;0;1;0;0;3;0;0;0;0;3;2;1;1;0;0;0;3;0;0;3;0;0
Gornji Grad;Površina [m2];995;0;0;0;0;995;994;0;0;0;85;909;600;0;0;0;0;600;804;0;0;0;0;804;0;0;0;0;0;0;159;0;0;0;0;159;662;302;0;0;0;360;232;0;0;232;0;0;453;0;0;0;0;453;85;41;44;0;0;0;458;0;0;458;0;0
Gornji Petrovci;Število;10;5;0;2;0;3;11;1;0;3;4;3;4;1;0;1;1;1;4;1;1;0;1;1;2;0;0;0;0;2;4;0;1;0;3;0;1;0;0;1;0;0;3;0;1;0;1;1;8;0;2;2;2;2;4;0;1;1;0;2;7;0;1;1;0;5
Gornji Petrovci;Površina [m2];973;304;0;199;0;470;1568;28;0;276;738;526;306;24;0;109;110;63;393;38;50;0;171;134;215;0;0;0;0;215;499;0;100;0;399;0;68;0;0;68;0;0;533;0;97;0;235;201;782;0;136;163;219;264;723;0;48;84;0;591;1663;0;60;97;0;1506
Grad;Število;3;0;1;1;0;1;6;0;0;1;4;1;1;0;0;0;0;1;4;0;0;2;2;0;7;0;4;3;0;0;4;1;1;0;0;2;9;0;1;1;5;2;3;0;2;0;1;0;2;0;0;0;1;1;4;0;0;0;2;2;5;0;1;0;2;2
Grad;Površina [m2];336;0;97;109;0;130;845;0;0;171;552;122;203;0;0;0;0;203;491;0;0;211;280;0;874;0;446;428;0;0;525;50;45;0;0;430;1857;0;126;154;1159;418;310;0;115;0;195;0;251;0;0;0;63;188;583;0;0;0;267;316;852;0;94;0;258;500
Grosuplje;Število;68;2;2;8;25;31;52;0;0;3;17;32;39;0;3;4;10;22;31;0;1;4;4;22;28;0;1;4;9;14;31;2;2;7;8;12;40;1;1;7;15;16;39;3;2;7;16;11;33;0;2;6;13;12;94;16;16;34;21;7;60;2;4;20;19;15
Grosuplje;Površina [m2];13016;35;120;1227;4026;7608;10837;0;0;400;2791;7646;8155;0;255;506;1870;5524;6810;0;102;632;878;5198;5709;0;84;396;1852;3377;5105;71;100;725;1560;2649;8227;25;78;1095;3020;4009;6367;163;108;907;2808;2381;6904;0;183;677;2591;3453;8386;686;851;2539;2759;1551;7118;66;156;1759;2666;2471
Hajdina;Število;3;0;0;1;0;2;18;1;1;1;13;2;5;1;0;0;3;1;5;0;0;1;1;3;4;1;1;0;2;0;5;0;0;2;0;3;8;0;1;3;1;3;11;0;4;0;3;4;10;0;3;1;1;5;9;1;0;3;4;1;6;0;0;1;0;5
Hajdina;Površina [m2];441;0;0;109;0;332;1757;78;63;47;1329;240;663;101;0;0;362;200;596;0;0;150;70;376;373;138;66;0;169;0;731;0;0;211;0;520;968;0;80;232;160;496;1408;0;211;0;259;938;1386;0;156;81;115;1034;1481;40;0;670;615;156;1117;0;0;120;0;997
Hoèe - Slivnica;Število;34;0;3;7;12;12;75;1;1;1;24;48;54;2;0;3;17;32;30;2;3;4;7;14;28;0;2;4;9;13;33;6;1;5;9;12;18;1;0;4;8;5;41;0;0;22;10;9;34;0;1;4;23;6;14;1;0;2;7;4;26;0;0;2;9;15
Hoèe - Slivnica;Površina [m2];4800;0;131;771;1535;2363;14150;91;48;75;3669;10267;5687;105;0;240;2199;3143;4238;72;192;505;999;2470;4549;0;133;324;1326;2766;3884;211;118;449;1311;1795;2841;44;0;537;1189;1071;4509;0;0;1826;1037;1646;4496;0;44;443;2959;1050;2322;42;0;242;1250;788;5146;0;0;253;2173;2720
Hodoš/Hodos;Število;0;0;0;0;0;0;0;0;0;0;0;0;0;0;0;0;0;0;1;0;0;0;1;0;1;0;0;1;0;0;0;0;0;0;0;0;0;0;0;0;0;0;0;0;0;0;0;0;0;0;0;0;0;0;0;0;0;0;0;0;0;0;0;0;0;0
Hodoš/Hodos;Površina [m2];0;0;0;0;0;0;0;0;0;0;0;0;0;0;0;0;0;0;185;0;0;0;185;0;50;0;0;50;0;0;0;0;0;0;0;0;0;0;0;0;0;0;0;0;0;0;0;0;0;0;0;0;0;0;0;0;0;0;0;0;0;0;0;0;0;0
Horjul;Število;1;0;0;0;0;1;3;0;0;0;0;3;3;0;0;1;0;2;3;0;0;1;1;1;0;0;0;0;0;0;3;0;0;0;1;2;0;0;0;0;0;0;8;0;0;0;1;7;5;0;0;0;2;3;3;0;1;0;0;2;2;0;0;0;0;2
Horjul;Površina [m2];240;0;0;0;0;240;693;0;0;0;0;693;690;0;0;204;0;486;404;0;0;65;177;162;0;0;0;0;0;0;628;0;0;0;160;468;0;0;0;0;0;0;1645;0;0;0;128;1517;1052;0;0;0;362;690;354;0;82;0;0;272;659;0;0;0;0;659
Hrastnik;Število;6;0;0;0;1;5;6;0;0;0;2;4;3;0;0;0;0;3;21;6;2;7;1;5;12;0;0;0;1;11;8;0;0;0;2;6;2;0;0;1;0;1;5;0;0;0;2;3;5;0;0;2;1;2;3;0;0;0;1;2;10;0;0;1;3;6
Hrastnik;Površina [m2];840;0;0;0;113;727;1383;0;0;0;163;1220;406;0;0;0;0;406;1910;204;92;438;160;1016;2878;0;0;0;192;2686;1453;0;0;0;171;1282;347;0;0;178;0;169;594;0;0;0;214;380;527;0;0;173;123;231;638;0;0;0;151;487;1616;0;0;127;343;1146
Hrpelje - Kozina;Število;42;21;0;1;4;16;14;0;1;4;2;7;13;1;0;1;7;4;12;0;2;1;7;2;3;0;0;1;0;2;5;0;0;3;2;0;13;0;1;1;5;6;18;7;0;5;4;2;8;0;0;2;1;5;8;0;0;3;4;1;17;1;0;0;13;3
Hrpelje - Kozina;Površina [m2];4231;591;0;66;664;2910;2091;0;41;375;413;1262;1893;28;0;86;1139;640;2023;0;268;100;1235;420;566;0;0;89;0;477;656;0;0;426;230;0;1981;0;91;195;695;1000;1937;403;0;726;455;353;1777;0;0;504;182;1091;1737;0;0;240;952;545;2790;183;0;0;1742;865
Idrija;Število;27;7;0;3;3;14;20;0;1;0;1;18;10;0;0;1;0;9;12;2;1;0;3;6;14;1;1;0;4;8;19;0;1;4;3;11;10;1;0;2;1;6;18;1;2;3;1;11;33;0;4;11;6;12;15;1;1;0;1;12;18;0;0;6;6;6
Idrija;Površina [m2];4072;699;0;429;465;2479;3440;0;49;0;66;3325;2076;0;0;73;0;2003;2096;164;148;0;598;1186;2782;27;170;0;711;1874;3570;0;144;610;314;2502;1489;34;0;197;127;1131;3364;50;152;516;107;2539;4322;0;176;936;700;2510;3504;94;71;0;243;3096;2737;0;0;561;806;1370
Ig;Število;36;0;0;2;3;31;10;0;0;1;3;6;17;0;1;1;6;9;9;1;1;1;2;4;10;0;0;5;2;3;15;0;0;1;5;9;13;0;2;0;1;10;15;0;1;1;2;11;13;0;0;1;1;11;28;1;3;0;3;21;24;0;0;2;7;15
Ig;Površina [m2];5928;0;0;284;404;5240;2108;0;0;95;251;1762;3125;0;190;275;956;1704;1368;80;94;70;308;816;1310;0;0;472;304;534;2785;0;0;46;714;2025;2311;0;118;0;96;2097;1988;0;42;58;302;1586;2373;0;0;105;166;2102;3632;100;156;0;447;2929;4186;0;0;132;1335;2719
Ilirska Bistrica;Število;22;0;2;4;7;9;14;0;1;3;6;4;20;0;0;2;9;9;20;0;3;3;7;7;14;0;3;1;5;5;28;1;4;2;12;9;11;0;0;4;5;2;9;0;2;1;3;3;21;0;2;1;16;2;8;0;0;2;5;1;7;0;0;2;5;0
Ilirska Bistrica;Površina [m2];3334;0;229;477;839;1789;2072;0;110;362;932;668;3006;0;0;192;1209;1605;2797;0;161;225;1030;1381;1822;0;180;170;632;840;3526;44;286;191;1773;1232;1594;0;0;585;609;400;1343;0;136;69;407;731;3289;0;99;113;2548;529;1106;0;0;190;712;204;995;0;0;126;869;0
Ivanèna Gorica;Število;110;1;2;18;40;49;71;0;2;18;22;29;44;1;1;7;15;20;47;2;3;4;18;20;36;0;1;7;17;11;39;1;0;16;16;6;42;2;1;15;15;9;55;3;2;11;23;16;41;0;4;7;16;14;23;0;3;6;8;6;27;1;3;7;5;11
Ivanèna Gorica;Površina [m2];17019;23;230;2116;5445;9205;12713;0;200;2495;3498;6520;8563;42;81;919;2744;4777;9763;60;223;656;3488;5336;6236;0;63;748;2556;2869;5937;52;0;1949;2724;1212;6666;147;93;1890;2427;2109;10455;116;161;1505;4702;3971;7263;0;443;1049;3058;2713;3772;0;210;749;1453;1360;4846;119;264;870;855;2738
Izola/Isola;Število;40;3;13;9;10;5;40;7;9;12;8;4;227;127;52;29;15;4;15;3;3;5;2;2;16;4;2;2;3;5;40;8;0;17;12;3;96;20;48;9;11;8;15;4;5;1;4;1;13;1;1;5;5;1;12;0;4;5;0;3;17;0;0;6;6;5
Izola/Isola;Površina [m2];3639;77;709;1010;1220;623;3705;243;444;1104;1219;695;13647;5809;2902;2476;1831;629;1309;194;162;433;279;241;1713;124;114;161;345;969;3439;342;0;1392;1285;420;7496;779;2521;1128;1778;1290;1594;401;345;80;641;127;1714;71;140;451;735;317;1540;0;290;620;0;630;2822;0;0;508;990;1324
Jesenice;Število;66;15;29;5;9;8;16;1;2;0;2;11;10;0;0;0;1;9;15;0;1;3;3;8;11;1;0;1;2;7;9;0;1;0;1;7;8;1;0;0;1;6;15;2;0;5;4;4;7;0;0;1;0;6;6;0;0;1;0;5;19;1;1;8;1;8
Jesenice;Površina [m2];4531;541;1326;388;979;1297;2125;227;203;0;273;1422;1347;0;0;0;101;1246;1945;0;63;342;321;1219;1390;30;0;62;223;1075;1315;0;90;0;181;1044;1268;263;0;0;211;794;1744;61;0;498;492;693;1202;0;0;92;0;1110;946;0;0;98;0;848;1713;29;40;378;76;1190
Jezersko;Število;1;0;0;1;0;0;0;0;0;0;0;0;2;0;0;0;1;1;3;1;0;1;0;1;0;0;0;0;0;0;1;0;0;0;1;0;0;0;0;0;0;0;1;0;0;0;0;1;1;0;0;0;0;1;1;0;0;0;0;1;2;0;1;1;0;0
Jezersko;Površina [m2];124;0;0;124;0;0;0;0;0;0;0;0;349;0;0;0;160;189;296;51;0;51;0;194;0;0;0;0;0;0;64;0;0;0;64;0;0;0;0;0;0;0;127;0;0;0;0;127;169;0;0;0;0;169;183;0;0;0;0;183;188;0;59;129;0;0
Juršinci;Število;6;0;0;1;0;5;5;0;0;0;1;4;2;0;0;1;0;1;2;0;0;1;0;1;5;1;1;1;2;0;2;0;0;1;0;1;11;2;0;3;2;4;4;0;0;0;2;2;11;0;1;3;1;6;6;1;1;1;1;2;6;0;1;1;2;2
Juršinci;Površina [m2];856;0;0;75;0;781;1152;0;0;0;314;838;334;0;0;169;0;165;207;0;0;60;0;147;524;18;130;84;292;0;277;0;0;105;0;172;1389;118;0;237;267;767;491;0;0;0;201;290;2437;0;109;345;126;1857;830;194;57;128;84;367;907;0;66;167;347;327
Kamnik;Število;96;2;38;8;15;33;191;102;51;5;7;26;49;3;1;2;3;40;45;2;4;5;6;28;32;0;0;4;6;22;29;1;2;1;3;22;32;0;1;4;11;16;29;0;2;4;5;18;29;0;2;1;1;25;43;1;1;1;10;30;39;1;4;3;6;25
Kamnik;Površina [m2];8338;75;1209;725;1651;4678;11715;3870;2616;521;866;3842;7772;97;59;178;346;7092;5839;76;297;366;680;4420;4032;0;0;341;624;3067;4017;43;79;85;384;3426;4348;0;90;308;1406;2544;3811;0;101;322;551;2837;4674;0;102;96;135;4341;7471;42;146;73;1744;5466;6497;252;416;410;864;4555
Kanal;Število;10;0;0;0;5;5;1;0;0;0;1;0;7;0;0;1;2;4;9;0;1;0;4;4;4;0;0;1;0;3;2;0;1;1;0;0;4;0;0;1;0;3;8;0;0;3;3;2;6;0;0;0;2;4;6;0;0;2;1;3;1;0;0;0;0;1
Kanal;Površina [m2];1741;0;0;0;718;1023;116;0;0;0;116;0;1086;0;0;132;260;694;1660;0;63;0;639;958;717;0;0;96;0;621;227;0;82;145;0;0;594;0;0;142;0;452;1193;0;0;389;405;399;884;0;0;0;230;654;703;0;0;212;187;304;161;0;0;0;0;161
Kidrièevo;Število;7;0;0;0;4;3;11;0;0;3;0;8;9;0;1;2;2;4;2;2;0;0;0;0;2;0;0;0;1;1;4;0;1;3;0;0;13;1;1;3;4;4;2;0;0;0;2;0;9;0;1;2;2;4;35;0;1;23;7;4;16;1;2;2;7;4
Kidrièevo;Površina [m2];1238;0;0;0;534;704;2228;0;0;400;0;1828;1459;0;52;282;255;870;368;368;0;0;0;0;378;0;0;0;163;215;531;0;45;486;0;0;2153;30;90;548;475;1010;430;0;0;0;430;0;1319;0;70;225;350;674;3408;0;67;1510;1112;719;2493;52;132;204;1017;1088
Kobarid;Število;11;0;1;4;1;5;13;0;1;2;7;3;13;1;1;0;4;7;30;6;1;12;1;10;8;0;1;0;1;6;12;0;1;1;2;8;9;0;2;2;2;3;4;0;0;3;1;0;6;0;1;2;1;2;2;0;1;0;0;1;9;0;4;2;1;2
Kobarid;Površina [m2];1694;0;109;360;168;1057;1799;0;169;215;856;559;1826;45;98;0;539;1144;3635;186;60;934;113;2342;1333;0;33;0;162;1138;1896;0;57;120;206;1513;1555;0;93;416;417;629;728;0;0;569;159;0;703;0;75;197;96;335;357;0;112;0;0;245;1167;0;278;254;127;508
Kobilje;Število;0;0;0;0;0;0;0;0;0;0;0;0;1;0;0;0;1;0;3;0;0;1;1;1;1;0;0;0;0;1;0;0;0;0;0;0;4;0;1;0;0;3;1;0;0;0;0;1;2;0;0;0;1;1;1;0;0;0;0;1;0;0;0;0;0;0
Kobilje;Površina [m2];0;0;0;0;0;0;0;0;0;0;0;0;99;0;0;0;99;0;377;0;0;81;87;209;159;0;0;0;0;159;0;0;0;0;0;0;494;0;60;0;0;434;131;0;0;0;0;131;347;0;0;0;169;178;127;0;0;0;0;127;0;0;0;0;0;0
Koèevje;Število;28;0;6;16;4;2;22;0;2;5;8;7;22;0;3;6;10;3;9;0;0;5;3;1;17;1;2;0;11;3;21;0;2;4;5;10;12;0;0;2;5;5;81;0;36;37;3;5;6;0;0;3;1;2;16;1;5;6;2;2;57;22;23;4;4;4
Koèevje;Površina [m2];3600;0;558;2009;696;337;3162;0;92;726;1293;1051;2432;0;244;569;1175;444;1018;0;0;466;457;95;2255;30;288;0;1474;463;2736;0;100;386;667;1583;1934;0;0;235;830;869;6812;0;2539;2950;398;925;726;0;0;316;120;290;2078;50;530;894;238;366;3945;900;1245;567;583;650
Komen;Število;6;0;1;1;1;3;9;0;1;1;1;6;9;0;0;0;3;6;6;0;4;1;1;0;3;0;0;2;1;0;2;0;0;0;1;1;6;0;0;3;0;3;4;0;0;1;3;0;3;0;0;2;0;1;5;1;0;2;1;1;5;0;1;2;2;0
Komen;Površina [m2];1038;0;60;206;189;583;1474;0;65;107;223;1079;1622;0;0;0;480;1142;756;0;236;145;375;0;306;0;0;160;146;0;441;0;0;0;210;231;1296;0;0;486;0;810;457;0;0;111;346;0;530;0;0;293;0;237;890;18;0;296;161;415;1502;0;56;832;614;0
Komenda;Število;176;24;61;43;18;30;102;13;35;24;13;17;10;0;1;0;1;8;26;0;0;3;12;11;17;0;0;0;1;16;7;0;0;0;1;6;20;0;0;0;6;14;10;0;0;0;1;9;6;0;1;1;1;3;9;0;0;1;1;7;7;0;0;0;0;7
Komenda;Površina [m2];15750;917;4018;4208;2295;4312;8536;568;1990;1988;1447;2543;1184;0;47;0;125;1012;3259;0;0;268;1221;1770;2565;0;0;0;132;2433;1119;0;0;0;81;1038;2961;0;0;0;645;2316;1708;0;0;0;127;1581;665;0;72;101;88;404;1359;0;0;69;78;1212;875;0;0;0;0;875
Koper/Capodistria;Število;152;0;8;35;38;71;227;60;61;21;35;50;200;116;9;7;28;40;52;0;3;7;20;22;57;1;0;9;17;30;34;0;3;1;9;21;48;1;4;7;17;19;32;0;0;2;8;22;70;2;7;16;13;32;80;5;2;9;18;46;55;1;1;3;21;29
Koper/Capodistria;Površina [m2];20990;0;514;3005;4656;12815;21989;2400;3889;2056;4783;8861;15187;2710;438;928;3159;7952;7458;0;270;620;2533;4035;9006;40;0;1057;2250;5659;5413;0;212;82;1204;3915;6991;35;267;801;2728;3160;5364;0;0;413;1017;3934;7764;155;244;976;1376;5013;7865;149;85;509;1834;5288;8105;22;42;278;2556;5207
Kostanjevica na Krki;Število;10;1;1;2;4;2;7;0;0;2;1;4;9;0;0;1;1;7;4;0;0;1;1;2;3;0;0;0;2;1;5;0;1;2;1;1;3;0;0;0;0;3;5;0;0;1;2;2;5;0;0;1;2;2;2;0;0;2;0;0;9;0;0;5;0;4
Kostanjevica na Krki;Površina [m2];1055;45;41;396;226;347;939;0;0;192;135;612;1057;0;0;56;136;865;655;0;0;121;164;370;344;0;0;0;238;106;484;0;30;250;75;129;450;0;0;0;0;450;770;0;0;94;375;301;734;0;0;180;365;189;340;0;0;340;0;0;1369;0;0;684;0;685
Kostel;Število;4;0;4;0;0;0;5;0;1;2;2;0;3;0;1;2;0;0;2;0;0;0;1;1;6;0;4;0;1;1;1;0;1;0;0;0;2;0;2;0;0;0;0;0;0;0;0;0;1;0;1;0;0;0;2;0;1;0;0;1;1;0;1;0;0;0
Kostel;Površina [m2];270;0;270;0;0;0;495;0;66;194;235;0;216;0;30;186;0;0;282;0;0;0;70;212;455;0;214;0;76;165;93;0;93;0;0;0;180;0;180;0;0;0;0;0;0;0;0;0;70;0;70;0;0;0;214;0;104;0;0;110;65;0;65;0;0;0
Kozje;Število;10;1;0;0;1;8;17;1;0;5;1;10;9;0;0;1;1;7;16;0;0;1;2;13;5;0;0;0;0;5;5;0;0;1;1;3;7;0;0;1;1;5;5;0;0;0;1;4;1;0;0;0;1;0;1;0;0;0;0;1;4;0;1;0;0;3
Kozje;Površina [m2];1210;20;0;0;128;1062;2228;69;0;438;112;1609;1265;0;0;101;106;1058;2461;0;0;154;293;2014;1133;0;0;0;0;1133;721;0;0;90;180;451;1438;0;0;120;156;1162;712;0;0;0;96;616;100;0;0;0;100;0;95;0;0;0;0;95;606;0;97;0;0;509
Kranj;Število;167;9;33;16;67;42;119;8;20;30;24;37;86;7;19;4;17;39;102;8;37;8;20;29;29;0;2;3;9;15;26;0;0;5;13;8;26;2;1;3;6;14;44;0;0;4;16;24;42;2;5;1;7;27;70;1;3;10;22;34;73;5;16;19;11;22
Kranj;Površina [m2];27367;337;1733;1213;14461;9623;14981;297;1009;2329;2717;8629;11856;252;1066;499;2520;7519;12415;352;2721;701;2691;5950;4404;0;209;351;1436;2408;4277;0;0;698;1752;1827;4302;230;257;457;639;2719;5626;0;0;275;1921;3430;6825;60;277;97;761;5630;10104;42;189;876;3037;5960;7792;170;970;1628;1333;3691
Kranjska Gora;Število;27;1;4;9;7;6;32;4;18;5;3;2;8;1;0;0;2;5;10;0;1;6;0;3;5;0;0;0;2;3;15;0;0;6;2;7;9;0;3;3;0;3;9;0;0;2;2;5;13;0;0;6;0;7;10;2;5;0;2;1;26;0;4;15;3;4
Kranjska Gora;Površina [m2];2762;62;246;647;873;934;1596;147;307;407;283;452;1315;77;0;0;272;966;794;0;32;450;0;312;1130;0;0;0;404;726;2174;0;0;404;370;1400;1005;0;184;327;0;494;1278;0;0;126;284;868;1446;0;0;439;0;1007;906;259;322;0;247;78;1883;0;204;618;328;733
Križevci;Število;8;0;1;0;4;3;14;0;1;3;4;6;6;0;1;0;3;2;6;0;1;0;4;1;7;1;1;2;2;1;4;0;1;2;0;1;5;0;2;0;1;2;4;0;0;0;2;2;5;0;0;2;1;2;6;0;0;1;3;2;6;0;0;0;4;2
Križevci;Površina [m2];1030;0;61;0;625;344;1921;0;26;282;500;1113;923;0;43;0;478;402;677;0;31;0;514;132;634;19;53;183;231;148;400;0;54;194;0;152;485;0;115;0;116;254;545;0;0;0;267;278;603;0;0;230;40;333;654;0;0;74;334;246;771;0;0;0;523;248
Krško;Število;58;1;23;10;14;10;49;1;1;8;18;21;46;0;0;3;7;36;39;1;3;10;18;7;39;0;0;7;13;19;29;0;7;3;8;11;45;0;7;8;12;18;53;5;3;13;9;23;46;1;6;15;9;15;39;1;4;16;7;11;50;5;2;21;9;13
Krško;Površina [m2];7973;146;1956;1658;2489;1724;7344;51;26;1129;2526;3612;5864;0;0;310;702;4852;5080;45;254;1050;2526;1205;5580;0;0;1106;1626;2848;3067;0;403;391;880;1393;5488;0;503;783;1394;2808;6679;220;304;1830;1206;3119;7080;49;427;2715;1518;2371;5378;34;354;2074;1090;1826;6199;223;148;2113;1711;2004
Kungota;Število;35;2;8;8;3;14;41;0;0;3;7;31;24;0;3;9;1;11;16;1;0;2;4;9;13;0;1;0;3;9;8;1;1;1;0;5;8;0;0;2;3;3;5;0;0;2;1;2;5;0;1;0;1;3;9;0;1;1;1;6;14;0;3;4;4;3
Kungota;Površina [m2];5103;136;511;988;482;2986;7682;0;0;285;1306;6091;3608;0;201;1129;191;2087;2565;43;0;184;665;1673;2318;0;76;0;507;1735;1163;132;107;58;0;866;1070;0;0;244;303;523;1050;0;0;251;242;557;932;0;82;0;196;654;1205;0;28;96;120;961;1801;0;148;509;445;699
Kuzma;Število;4;0;0;2;0;2;3;0;1;0;0;2;6;0;2;1;1;2;3;0;1;1;0;1;6;0;0;2;1;3;6;1;1;0;1;3;8;0;1;3;3;1;3;0;0;3;0;0;7;1;1;2;2;1;16;10;0;1;5;0;3;0;0;0;1;2
Kuzma;Površina [m2];604;0;0;243;0;361;385;0;107;0;0;278;852;0;125;73;205;449;364;0;75;36;0;253;1320;0;0;250;274;796;654;32;19;0;182;421;1588;0;27;310;536;715;246;0;0;246;0;0;754;55;40;159;298;202;1155;391;0;186;578;0;542;0;0;0;77;465
Laško;Število;17;2;1;0;2;12;24;2;2;3;8;9;11;0;1;0;4;6;23;1;1;2;3;16;19;0;1;0;4;14;16;0;1;0;6;9;35;0;3;4;5;23;8;0;0;0;0;8;7;0;0;1;1;5;10;0;0;0;3;7;8;0;1;1;1;5
Laško;Površina [m2];2358;100;100;0;348;1810;3179;22;56;83;1228;1790;1474;0;30;0;422;1022;1944;15;34;111;198;1586;1882;0;22;0;310;1550;1265;0;75;0;357;833;4461;0;120;333;470;3538;978;0;0;0;0;978;948;0;0;60;63;825;1110;0;0;0;256;854;795;0;29;54;72;640
Lenart;Število;54;0;11;22;6;15;22;0;1;7;2;12;135;16;45;39;20;15;85;4;23;26;19;13;17;0;2;3;3;9;25;3;2;6;3;11;15;0;2;1;5;7;18;0;1;4;8;5;10;1;1;2;3;3;22;0;5;4;6;7;19;0;1;7;5;6
Lenart;Površina [m2];6601;0;579;1706;842;3474;3612;0;157;913;345;2197;10560;615;2336;2595;2157;2857;9337;151;1692;2241;2585;2668;2767;0;234;288;458;1787;2965;128;81;491;299;1966;2782;0;95;160;1031;1496;2594;0;64;442;1174;914;1591;69;97;271;447;707;2928;0;322;326;890;1390;3356;0;120;608;1208;1420
Lendava/Lendva;Število;24;0;2;7;8;7;17;1;2;7;6;1;27;2;1;6;11;7;24;0;3;7;6;8;17;2;1;4;6;4;16;2;3;2;6;3;32;1;2;0;12;17;5;0;0;1;1;3;8;0;1;4;2;1;7;0;1;2;1;3;14;0;1;3;5;5
Lendava/Lendva;Površina [m2];3381;0;162;777;1197;1245;1624;24;66;511;893;130;4067;131;47;545;1842;1502;2729;0;185;509;707;1328;1980;66;51;392;714;757;1607;82;212;129;679;505;4081;74;198;0;1114;2695;544;0;0;30;78;436;675;0;32;249;254;140;728;0;68;99;90;471;1741;0;161;194;579;807
Litija;Število;61;0;2;3;21;35;47;0;0;7;3;37;67;0;1;6;10;50;40;0;4;0;5;31;41;0;2;5;3;31;18;0;0;0;0;18;33;1;1;2;2;27;32;2;3;3;5;19;23;0;0;2;6;15;14;1;0;0;0;13;15;0;1;1;2;11
Litija;Površina [m2];10288;0;285;379;3173;6451;8870;0;0;978;418;7474;11365;0;73;499;1192;9601;6788;0;223;0;539;6026;6905;0;104;472;308;6021;3798;0;0;0;0;3798;5781;76;68;383;282;4972;4802;53;160;259;411;3919;3468;0;0;125;647;2696;2683;154;0;0;0;2529;2534;0;273;113;228;1920
Ljubljana;Število;464;80;63;137;72;112;716;61;270;215;82;88;150;3;11;10;50;76;130;5;15;12;24;74;432;66;149;86;41;90;249;51;32;50;41;75;171;16;8;25;39;83;188;28;34;22;31;73;269;18;68;30;59;94;470;13;70;137;86;164;347;12;60;93;58;124
Ljubljana;Površina [m2];47106;3099;2958;9890;8745;22414;66560;2299;16133;19672;10976;17480;26691;136;2052;913;7021;16569;23341;248;1095;1123;3639;17236;43605;1970;8713;8621;5973;18328;30171;3258;1966;4569;5996;14382;30315;578;624;2925;6697;19491;22962;1178;1941;1690;5150;13003;35281;2403;6062;2615;8314;15887;61850;408;5486;12112;10389;33455;47471;802;5803;8923;7281;24662
Ljubno;Število;5;0;0;0;0;5;5;0;0;0;0;5;0;0;0;0;0;0;4;0;0;0;0;4;4;0;0;0;0;4;4;0;0;1;0;3;3;0;0;0;1;2;3;0;1;0;1;1;4;0;0;1;1;2;3;1;0;2;0;0;10;1;1;4;4;0
Ljubno;Površina [m2];694;0;0;0;0;694;805;0;0;0;0;805;0;0;0;0;0;0;533;0;0;0;0;533;505;0;0;0;0;505;645;0;0;127;0;518;515;0;0;0;92;423;405;0;143;0;124;138;796;0;0;238;168;390;281;87;0;194;0;0;1543;75;191;585;692;0
Ljutomer;Število;45;7;12;11;5;10;38;5;6;9;5;13;13;3;4;0;3;3;14;1;4;3;5;1;23;1;3;4;9;6;17;0;3;3;7;4;32;1;9;12;4;6;11;2;2;3;0;4;16;2;1;4;8;1;11;0;3;2;3;3;16;2;3;2;5;4
Ljutomer;Površina [m2];5042;187;507;1264;1019;2065;4135;205;260;669;737;2264;1297;94;329;0;452;422;1292;46;192;307;590;157;2305;38;152;341;960;814;1941;0;130;267;801;743;3570;24;805;1269;464;1008;1120;75;169;304;0;572;1725;52;58;446;1075;94;934;0;236;174;231;293;2123;96;229;250;667;881
Log - Dragomer;Število;5;0;0;0;1;4;10;0;0;0;5;5;3;0;0;0;0;3;4;0;1;1;1;1;5;0;0;2;0;3;1;0;0;0;0;1;8;0;0;1;4;3;7;0;0;0;0;7;14;0;0;0;0;14;4;1;0;0;0;3;10;0;2;2;5;1
Log - Dragomer;Površina [m2];1267;0;0;0;137;1130;1619;0;0;0;623;996;768;0;0;0;0;768;526;0;59;106;155;206;1101;0;0;303;0;798;170;0;0;0;0;170;1312;0;0;107;581;624;1488;0;0;0;0;1488;3760;0;0;0;0;3760;1356;141;0;0;0;1215;1285;0;246;274;623;142
Logatec;Število;72;16;2;10;4;40;48;9;2;4;14;19;73;0;4;35;16;18;33;1;5;1;4;22;25;0;0;1;4;20;32;1;0;0;3;28;31;0;1;2;8;20;19;0;0;0;4;15;20;0;1;0;5;14;18;3;0;1;4;10;41;6;4;2;9;20
Logatec;Površina [m2];9136;525;136;573;515;7387;6987;348;94;324;2518;3703;8832;0;210;2925;2621;3076;5063;50;330;62;515;4106;4736;0;0;69;613;4054;6453;38;0;0;397;6018;5720;0;98;206;1221;4195;3205;0;0;0;399;2806;4302;0;74;0;810;3418;2871;320;0;61;432;2058;6039;614;258;146;882;4139
Loška dolina;Število;6;0;0;0;3;3;2;0;0;0;0;2;5;0;0;0;1;4;12;0;0;3;4;5;0;0;0;0;0;0;5;0;0;2;2;1;5;0;0;2;2;1;5;0;0;3;0;2;7;0;1;0;1;5;3;0;0;2;0;1;3;0;0;0;0;3
Loška dolina;Površina [m2];1210;0;0;0;649;561;443;0;0;0;0;443;1140;0;0;0;189;951;1732;0;0;257;668;807;0;0;0;0;0;0;752;0;0;237;383;132;641;0;0;282;207;152;754;0;0;345;0;409;1188;0;51;0;162;975;326;0;0;197;0;129;597;0;0;0;0;597
Loški Potok;Število;8;1;0;2;0;5;9;1;2;2;1;3;3;0;0;0;2;1;3;0;0;0;1;2;6;0;0;0;2;4;8;1;1;0;2;4;3;1;0;0;0;2;2;0;0;0;0;2;2;0;0;1;0;1;2;0;0;0;0;2;13;4;5;0;2;2
Loški Potok;Površina [m2];1401;48;0;302;0;1051;1298;152;128;183;287;548;736;0;0;0;409;327;550;0;0;0;151;399;1007;0;0;0;279;728;1467;34;183;0;322;928;525;160;0;0;0;365;497;0;0;0;0;497;362;0;0;88;0;274;465;0;0;0;0;465;1328;174;368;0;455;331
Lovrenc na Pohorju;Število;25;0;10;10;1;4;6;0;0;1;0;5;8;0;0;0;1;7;12;0;1;4;4;3;4;0;1;1;0;2;8;0;1;2;1;4;3;1;1;0;0;1;4;0;0;1;1;2;1;0;0;0;0;1;2;0;1;0;1;0;1;0;0;0;0;1
Lovrenc na Pohorju;Površina [m2];2114;0;639;613;106;756;982;0;0;60;0;922;1319;0;0;0;79;1240;1473;0;53;278;552;590;491;0;68;71;0;352;824;0;33;138;98;555;251;56;23;0;0;172;513;0;0;112;105;296;125;0;0;0;0;125;169;0;17;0;152;0;156;0;0;0;0;156
Luèe;Število;2;0;0;0;0;2;2;0;0;0;0;2;1;0;0;0;0;1;1;0;0;0;0;1;1;0;1;0;0;0;4;0;0;2;1;1;2;0;0;0;1;1;3;0;0;1;0;2;3;0;1;0;1;1;2;1;0;0;1;0;2;1;0;0;0;1
Luèe;Površina [m2];267;0;0;0;0;267;310;0;0;0;0;310;209;0;0;0;0;209;192;0;0;0;0;192;42;0;42;0;0;0;444;0;0;212;141;91;189;0;0;0;62;127;382;0;0;84;0;298;315;0;72;0;115;128;230;50;0;0;180;0;258;72;0;0;0;186
Lukovica;Število;6;0;0;1;1;4;4;0;0;0;2;2;3;0;0;0;1;2;8;1;0;2;0;5;8;0;0;0;2;6;20;2;0;0;10;8;13;0;0;0;4;9;11;0;0;0;0;11;11;1;0;1;0;9;23;0;0;1;0;22;14;0;0;1;1;12
Lukovica;Površina [m2];910;0;0;104;90;716;600;0;0;0;272;328;555;0;0;0;184;371;1133;116;0;222;0;795;1480;0;0;0;362;1118;2261;181;0;0;1060;1020;1920;0;0;0;509;1411;1834;0;0;0;0;1834;1667;40;0;90;0;1537;3618;0;0;44;0;3574;2251;0;0;230;81;1940
Majšperk;Število;8;1;1;1;2;3;6;0;0;0;4;2;4;2;0;2;0;0;3;0;0;0;3;0;3;0;1;1;1;0;2;1;0;0;1;0;4;1;0;0;1;2;14;2;0;1;5;6;11;0;0;0;4;7;5;0;1;1;3;0;13;0;4;6;1;2
Majšperk;Površina [m2];835;82;59;203;198;293;906;0;0;0;479;427;345;140;0;205;0;0;621;0;0;0;621;0;423;0;79;209;135;0;174;41;0;0;133;0;935;23;0;0;459;453;2330;150;0;153;924;1103;2385;0;0;0;986;1399;945;0;120;217;608;0;1989;0;374;960;149;506
Makole;Število;4;0;0;1;2;1;7;0;2;1;2;2;7;0;0;2;1;4;4;1;1;0;2;0;7;1;1;0;3;2;3;0;0;2;1;0;3;0;0;2;1;0;5;0;0;2;0;3;5;0;1;0;2;2;2;0;0;1;0;1;0;0;0;0;0;0
Makole;Površina [m2];763;0;0;105;379;279;1403;0;219;181;506;497;817;0;0;236;93;488;397;37;61;0;299;0;714;38;45;0;264;367;279;0;0;179;100;0;361;0;0;228;133;0;957;0;0;158;0;799;994;0;49;0;457;488;281;0;0;87;0;194;0;0;0;0;0;0
Maribor;Število;115;2;0;9;34;70;105;4;2;9;30;60;61;2;0;6;23;30;71;1;14;12;18;26;86;8;7;26;18;27;92;0;4;23;15;50;62;3;7;9;17;26;88;20;2;4;18;44;93;1;4;12;21;55;127;9;29;11;33;45;204;6;2;19;42;135
Maribor;Površina [m2];19005;183;0;1099;4865;12858;18245;233;183;907;4601;12321;9885;100;0;615;3664;5506;10767;32;725;900;2672;6438;12357;222;483;3030;3071;5551;15729;0;211;1996;2007;11515;8591;85;365;770;2316;5055;12974;686;213;489;2718;8868;13276;77;225;1168;3390;8416;15121;431;1565;1077;4335;7713;29662;578;123;1911;5540;21510
Markovci;Število;5;1;0;0;2;2;6;0;0;1;1;4;8;0;0;0;0;8;2;0;1;0;0;1;4;0;0;0;0;4;2;0;1;0;0;1;8;0;0;1;2;5;10;0;1;1;2;6;5;0;0;1;3;1;4;0;0;0;0;4;8;0;0;0;4;4
Markovci;Površina [m2];572;73;0;0;225;274;1361;0;0;203;150;1008;1459;0;0;0;0;1459;269;0;38;0;0;231;778;0;0;0;0;778;226;0;82;0;0;144;1310;0;0;138;231;941;1638;0;68;70;382;1118;909;0;0;201;431;277;555;0;0;0;0;555;1324;0;0;0;608;716
Medvode;Število;75;1;6;5;16;47;52;0;2;2;16;32;40;0;3;1;8;28;36;0;2;0;7;27;42;5;2;3;10;22;35;1;0;6;5;23;22;5;0;1;3;13;23;0;0;3;7;13;31;0;2;13;4;12;21;0;0;1;5;15;28;4;0;1;1;22
Medvode;Površina [m2];11065;57;194;688;2039;8087;7557;0;92;203;2247;5015;6359;0;279;62;980;5038;6199;0;88;0;1554;4557;6055;110;180;369;1427;3969;5266;39;0;627;669;3931;3692;172;0;152;615;2753;4415;0;0;155;1121;3139;5201;0;508;1468;698;2527;3620;0;0;105;565;2950;4491;576;0;125;259;3531
Mengeš;Število;3;0;2;0;0;1;5;0;0;1;0;4;4;0;0;1;0;3;0;0;0;0;0;0;14;8;0;3;1;2;19;0;0;0;2;17;18;0;0;0;1;17;19;0;0;0;5;14;21;0;0;0;0;21;15;0;0;0;0;15;13;0;0;0;0;13
Mengeš;Površina [m2];422;0;232;0;0;190;634;0;0;86;0;548;535;0;0;158;0;377;0;0;0;0;0;0;952;270;0;234;105;343;2653;0;0;0;310;2343;2813;0;0;0;188;2625;3024;0;0;0;600;2424;2875;0;0;0;0;2875;1796;0;0;0;0;1796;2433;0;0;0;0;2433
Metlika;Število;15;5;2;3;2;3;23;4;1;2;4;12;16;3;0;2;3;8;20;3;0;1;6;10;16;2;0;1;5;8;19;2;2;1;4;10;13;0;2;2;2;7;9;1;0;0;2;6;6;0;0;2;1;3;2;0;0;1;0;1;7;0;0;0;4;3
Metlika;Površina [m2];1408;142;93;236;329;608;3334;107;89;200;558;2380;2076;80;0;188;321;1487;3777;85;0;106;886;2700;1960;54;0;59;661;1186;2977;130;105;134;425;2183;1979;0;134;175;233;1437;1363;23;0;0;227;1113;1034;0;0;188;213;633;309;0;0;87;0;222;1045;0;0;0;548;497
Mežica;Število;0;0;0;0;0;0;1;0;0;0;0;1;1;0;0;0;1;0;2;0;0;0;0;2;0;0;0;0;0;0;2;0;1;0;0;1;2;1;0;0;1;0;3;3;0;0;0;0;1;0;0;0;1;0;3;0;0;0;3;0;22;5;9;5;1;2
Mežica;Površina [m2];0;0;0;0;0;0;112;0;0;0;0;112;242;0;0;0;242;0;442;0;0;0;0;442;0;0;0;0;0;0;227;0;80;0;0;147;171;34;0;0;137;0;149;149;0;0;0;0;273;0;0;0;273;0;750;0;0;0;750;0;1748;213;515;357;207;456
Miklavž na Dravskem polju;Število;29;0;0;3;6;20;44;0;1;1;30;12;14;0;0;4;3;7;16;0;0;1;10;5;26;0;0;2;3;21;9;0;0;0;2;7;9;0;1;2;4;2;20;0;0;0;4;16;9;1;1;0;3;4;4;0;0;0;2;2;17;0;1;1;4;11
Miklavž na Dravskem polju;Površina [m2];4721;0;0;315;947;3459;7140;0;136;170;4797;2037;2100;0;0;297;790;1013;2154;0;0;65;1206;883;5106;0;0;215;268;4623;1412;0;0;0;233;1179;1144;0;115;195;556;278;2852;0;0;0;562;2290;1533;22;64;0;447;1000;1129;0;0;0;447;682;2467;0;74;105;509;1779
Miren - Kostanjevica;Število;39;0;2;2;8;27;9;1;2;1;4;1;9;0;1;0;3;5;8;0;0;1;0;7;10;1;3;2;3;1;7;0;0;0;4;3;8;0;1;0;3;4;11;0;0;2;3;6;11;0;1;0;2;8;10;0;0;1;1;8;6;0;0;2;0;4
Miren - Kostanjevica;Površina [m2];6376;0;140;214;1496;4526;1051;38;99;50;726;138;1733;0;111;0;524;1098;1328;0;0;66;0;1262;1387;123;250;228;674;112;1075;0;0;0;561;514;898;0;48;0;385;465;1815;0;0;296;382;1137;1319;0;61;0;232;1026;1522;0;0;106;146;1270;1611;0;0;489;0;1122
Mirna;Število;-;-;-;-;-;-;-;-;-;-;-;-;0;0;0;0;0;0;1;0;1;0;0;0;1;0;0;0;0;1;8;1;1;2;0;4;6;0;0;0;3;3;8;0;1;1;2;4;10;0;1;3;5;1;2;0;0;0;1;1;1;0;0;1;0;0
Mirna;Površina [m2];-;-;-;-;-;-;-;-;-;-;-;-;0;0;0;0;0;0;83;0;83;0;0;0;248;0;0;0;0;248;1349;58;99;251;0;941;1282;0;0;0;510;772;1609;0;115;118;293;1083;1710;0;112;379;966;253;286;0;0;0;130;156;109;0;0;109;0;0
Mirna Peè;Število;4;1;0;0;2;1;3;0;0;0;1;2;1;1;0;0;0;0;7;1;0;0;1;5;2;0;0;0;1;1;9;0;0;2;1;6;7;0;1;1;2;3;7;1;0;1;2;3;8;0;0;1;4;3;6;0;0;0;3;3;3;0;0;2;0;1
Mirna Peè;Površina [m2];579;25;0;0;425;129;648;0;0;0;283;365;40;40;0;0;0;0;1018;107;0;0;169;742;308;0;0;0;88;220;1465;0;0;146;107;1212;1162;0;17;90;318;737;1161;40;0;177;329;615;1253;0;0;82;567;604;1092;0;0;0;580;512;338;0;0;170;0;168
Mislinja;Število;8;0;0;0;0;8;5;0;0;0;2;3;6;0;0;0;1;5;6;0;0;0;0;6;6;0;1;0;1;4;8;0;0;0;2;6;2;0;1;0;0;1;3;0;0;0;0;3;2;0;0;0;0;2;3;0;0;0;0;3;4;0;0;0;0;4
Mislinja;Površina [m2];1722;0;0;0;0;1722;944;0;0;0;301;643;1308;0;0;0;175;1133;1179;0;0;0;0;1179;1028;0;104;0;108;816;1373;0;0;0;203;1170;323;0;171;0;0;152;541;0;0;0;0;541;409;0;0;0;0;409;632;0;0;0;0;632;666;0;0;0;0;666
Mokronog - Trebelno;Število;5;0;0;0;4;1;9;0;0;1;4;4;12;1;0;2;2;7;7;0;0;3;1;3;6;1;0;0;1;4;8;0;1;1;1;5;6;1;0;0;1;4;22;2;3;7;6;4;12;0;2;1;3;6;7;0;1;1;0;5;10;0;0;0;1;9
Mokronog - Trebelno;Površina [m2];852;0;0;0;600;252;1611;0;0;82;582;947;2271;40;0;235;293;1703;942;0;0;264;145;533;1017;55;0;0;159;803;1407;0;78;90;206;1033;1049;48;0;0;61;940;3180;83;249;1043;908;897;2453;0;142;125;608;1578;720;0;46;131;0;543;1303;0;0;0;155;1148
Moravèe;Število;15;0;2;6;2;5;9;0;1;0;3;5;11;0;0;1;4;6;12;1;0;1;3;7;6;0;0;0;0;6;6;0;0;1;0;5;5;0;0;2;1;2;4;0;0;0;0;4;11;0;0;0;0;11;8;0;0;0;0;8;8;0;0;0;1;7
Moravèe;Površina [m2];2265;0;135;747;323;1060;1361;0;81;0;242;1038;1989;0;0;50;877;1062;1910;31;0;110;361;1408;1128;0;0;0;0;1128;895;0;0;49;0;846;629;0;0;202;67;360;1056;0;0;0;0;1056;2182;0;0;0;0;2182;1537;0;0;0;0;1537;1822;0;0;0;129;1693
Moravske Toplice;Število;23;1;4;5;6;7;20;0;1;9;2;8;13;2;2;4;0;5;17;1;1;2;6;7;13;0;0;1;3;9;9;1;0;0;1;7;14;0;0;2;3;9;17;1;1;1;3;11;14;3;3;3;1;4;19;2;4;6;4;3;32;2;10;3;3;14
Moravske Toplice;Površina [m2];2737;44;310;480;811;1092;2804;0;49;789;292;1674;2079;61;130;572;0;1316;2213;22;69;129;858;1135;1756;0;0;86;389;1281;765;19;0;0;88;658;2002;0;0;206;280;1516;2326;50;49;54;297;1876;1190;89;190;284;120;507;1692;83;222;464;574;349;3698;90;552;296;359;2401
Mozirje;Število;10;0;0;0;1;9;13;0;1;0;2;10;76;0;29;28;16;3;48;0;0;39;3;6;3;0;0;0;0;3;19;0;0;0;3;16;7;1;0;0;1;5;8;0;0;2;1;5;6;0;0;2;1;3;13;6;2;2;3;0;26;0;3;22;1;0
Mozirje;Površina [m2];1426;0;0;0;96;1330;1753;0;104;0;197;1452;5580;0;1294;2255;1580;451;4769;0;0;3324;376;1069;607;0;0;0;0;607;2623;0;0;0;405;2218;950;36;0;0;145;769;1711;0;0;272;710;729;1236;0;0;304;235;697;1746;713;265;245;523;0;2123;0;150;1752;221;0
Murska Sobota;Število;30;1;2;4;9;14;26;2;0;3;6;15;18;0;0;5;3;10;12;0;0;2;7;3;18;1;1;2;1;13;26;0;10;7;5;4;58;19;10;7;6;16;13;1;1;1;4;6;14;0;1;5;2;6;21;0;1;3;8;9;23;2;1;6;8;6
Murska Sobota;Površina [m2];4079;34;211;461;1288;2085;3798;190;0;289;941;2378;3318;0;0;1015;457;1846;2353;0;0;315;1315;723;2799;73;79;263;136;2248;2221;0;570;542;502;607;4578;703;597;567;510;2201;1804;41;60;59;720;924;2114;0;59;563;192;1300;2877;0;124;217;1117;1419;3565;218;66;572;1342;1367
Muta;Število;6;0;0;1;1;4;5;0;0;0;0;5;0;0;0;0;0;0;2;1;0;0;1;0;8;0;1;1;2;4;5;0;0;1;1;3;5;1;1;1;1;1;8;0;0;4;3;1;4;0;0;2;0;2;6;0;1;1;0;4;4;0;0;1;0;3
Muta;Površina [m2];764;0;0;104;85;575;891;0;0;0;0;891;0;0;0;0;0;0;247;37;0;0;210;0;1136;0;113;77;282;664;806;0;0;70;210;526;588;22;83;230;96;157;1214;0;0;430;670;114;453;0;0;175;0;278;895;0;58;273;0;564;592;0;0;85;0;507
Naklo;Število;11;1;1;3;1;5;10;0;0;0;5;5;8;0;0;0;3;5;7;1;2;3;0;1;5;0;0;0;1;4;6;0;0;0;1;5;11;0;0;0;2;9;6;0;0;1;1;4;8;0;1;0;1;6;7;0;0;0;1;6;9;0;1;0;3;5
Naklo;Površina [m2];1991;213;81;378;84;1235;1601;0;0;0;585;1016;1759;0;0;0;632;1127;782;37;126;286;0;333;1401;0;0;0;357;1044;965;0;0;0;119;846;1484;0;0;0;434;1050;1054;0;0;69;95;890;1230;0;58;0;159;1013;1476;0;0;0;78;1398;1451;0;162;0;419;870
Nazarje;Število;4;0;0;0;1;3;32;0;7;17;7;1;2;0;0;0;0;2;2;0;0;0;0;2;4;0;0;0;1;3;3;0;1;0;0;2;3;0;1;0;1;1;28;14;8;5;0;1;2;0;0;0;0;2;4;3;0;0;0;1;2;0;1;1;0;0
Nazarje;Površina [m2];567;0;0;0;73;494;1706;0;280;850;420;156;366;0;0;0;0;366;295;0;0;0;0;295;642;0;0;0;85;557;308;0;65;0;0;243;374;0;42;0;147;185;1708;520;644;410;0;134;373;0;0;0;0;373;677;349;0;0;0;328;272;0;174;98;0;0
Nova Gorica;Število;80;2;15;21;14;28;49;1;5;4;21;18;78;8;12;12;21;25;32;0;1;9;10;12;30;1;4;6;9;10;31;0;5;3;9;14;57;2;5;8;16;26;31;0;0;3;9;19;28;0;1;4;8;15;27;0;0;4;11;12;24;0;0;7;2;15
Nova Gorica;Površina [m2];8021;53;685;1331;1783;4169;6114;50;312;484;2816;2452;9859;279;887;1283;3094;4316;3995;0;63;675;1516;1741;3540;78;191;653;860;1758;3989;0;446;298;1262;1983;8666;167;348;792;2380;4979;4359;0;0;374;1279;2706;4016;0;37;478;789;2712;3356;0;0;312;859;2185;2779;0;0;628;254;1897
Novo mesto;Število;41;0;1;2;11;27;28;3;0;3;9;13;32;2;2;1;4;23;39;1;1;1;5;31;48;0;2;5;7;34;49;0;3;3;10;33;41;1;1;6;10;23;39;3;0;1;9;26;54;1;5;3;14;31;37;2;7;2;10;16;83;1;7;8;11;56
Novo mesto;Površina [m2];6849;0;45;209;1353;5242;4082;182;0;174;1253;2473;5246;170;96;92;649;4239;6889;51;108;112;682;5936;7502;0;117;418;1155;5812;8914;0;224;286;1715;6689;7082;53;60;417;1643;4909;6491;310;0;75;1303;4803;8144;46;301;264;2040;5493;4176;42;377;168;841;2748;11596;257;364;1136;1381;8458
Odranci;Število;3;0;0;0;1;2;3;0;0;0;2;1;5;0;1;0;0;4;4;0;1;0;1;2;7;0;0;3;1;3;2;0;2;0;0;0;5;0;0;0;4;1;4;0;0;0;1;3;2;0;0;0;1;1;5;0;0;0;3;2;2;0;0;0;2;0
Odranci;Površina [m2];544;0;0;0;90;454;622;0;0;0;472;150;789;0;58;0;0;731;503;0;55;0;150;298;895;0;0;235;98;562;146;0;146;0;0;0;730;0;0;0;520;210;547;0;0;0;87;460;356;0;0;0;146;210;683;0;0;0;419;264;231;0;0;0;231;0
Oplotnica;Število;12;1;0;2;1;8;13;0;0;5;6;2;18;0;1;5;7;5;14;1;0;1;8;4;11;1;0;1;3;6;9;1;1;1;3;3;14;0;3;2;4;5;7;0;1;2;0;4;6;0;1;0;2;3;4;1;0;0;1;2;8;0;1;0;4;3
Oplotnica;Površina [m2];1951;22;0;228;262;1439;2314;0;0;825;935;554;3205;0;63;820;1200;1122;2163;28;0;67;1337;731;1592;74;0;44;286;1188;1298;80;136;110;451;521;2238;0;246;479;702;811;905;0;45;198;0;662;1256;0;39;0;393;824;607;45;0;0;115;447;1142;0;148;0;463;531
Ormož;Število;56;0;10;23;7;16;17;2;2;6;4;3;22;0;1;5;8;8;29;0;3;8;6;12;51;10;10;14;9;8;21;2;3;1;8;7;37;2;3;13;5;14;29;1;4;8;5;11;21;1;2;4;6;8;14;1;2;6;2;3;28;1;10;5;7;5
Ormož;Površina [m2];5750;0;693;1659;804;2594;1650;112;86;495;436;521;3171;0;57;537;1181;1396;3825;0;345;772;768;1940;4283;357;565;1262;893;1206;2748;143;205;41;1124;1235;4680;113;232;1256;531;2548;3813;30;296;895;737;1855;2652;85;98;425;787;1257;1557;19;228;655;212;443;3296;28;693;566;1094;915
Osilnica;Število;7;6;0;0;1;0;1;0;1;0;0;0;2;0;0;0;1;1;1;0;1;0;0;0;0;0;0;0;0;0;0;0;0;0;0;0;0;0;0;0;0;0;1;0;0;0;1;0;0;0;0;0;0;0;1;0;1;0;0;0;0;0;0;0;0;0
Osilnica;Površina [m2];447;267;0;0;180;0;60;0;60;0;0;0;348;0;0;0;118;230;50;0;50;0;0;0;0;0;0;0;0;0;0;0;0;0;0;0;0;0;0;0;0;0;114;0;0;0;114;0;0;0;0;0;0;0;55;0;55;0;0;0;0;0;0;0;0;0
Pesnica;Število;21;0;3;5;5;8;17;1;0;1;5;10;12;0;0;3;4;5;17;0;1;2;3;11;10;1;0;0;1;8;9;0;1;1;1;6;13;0;1;4;5;3;13;0;3;1;2;7;35;1;1;1;24;8;12;0;0;5;5;2;10;2;1;2;3;2
Pesnica;Površina [m2];2993;0;214;446;695;1638;3024;39;0;150;676;2159;1794;0;0;287;561;946;2662;0;47;112;451;2052;1655;40;0;0;198;1417;1589;0;78;98;112;1301;1792;0;46;394;691;661;2101;0;150;103;227;1621;4307;89;53;136;2911;1118;2161;0;0;791;1059;311;1258;79;29;257;479;414
Piran/Pirano;Število;38;4;13;10;6;5;16;0;0;4;4;8;51;9;17;17;3;5;38;1;23;3;1;10;14;0;0;1;6;7;20;0;1;3;5;11;21;1;1;5;2;12;12;0;2;1;5;4;20;1;2;6;5;6;24;1;5;1;6;11;7;0;1;0;2;4
Piran/Pirano;Površina [m2];4079;292;771;1063;641;1312;2101;0;0;330;555;1216;4905;290;793;2218;375;1229;3982;46;1336;524;201;1875;2557;0;0;138;796;1623;2894;0;84;186;851;1773;3190;40;71;375;381;2323;1956;0;93;70;646;1147;2870;30;93;647;806;1294;3674;46;335;79;1073;2141;1424;0;47;0;452;925
Pivka;Število;15;0;0;1;2;12;23;0;1;0;4;18;13;1;1;2;1;8;15;0;3;0;1;11;14;0;0;0;1;13;14;0;0;1;1;12;4;0;0;0;0;4;5;0;1;0;1;3;8;0;2;1;1;4;11;1;0;0;1;9;7;0;0;0;1;6
Pivka;Površina [m2];1926;0;0;42;237;1647;3197;0;61;0;549;2587;2126;37;64;182;106;1737;2014;0;137;0;97;1780;2320;0;0;0;66;2254;2879;0;0;99;231;2549;517;0;0;0;0;517;589;0;72;0;96;421;1292;0;138;85;209;860;1769;65;0;0;102;1602;1168;0;0;0;110;1058
Podèetrtek;Število;16;0;3;0;4;9;26;5;5;2;5;9;39;6;6;11;9;7;109;11;2;63;17;16;9;2;0;2;2;3;16;0;0;2;6;8;6;0;0;0;3;3;6;0;0;1;0;5;10;0;1;3;1;5;10;1;0;2;3;4;9;0;1;2;0;6
Podèetrtek;Površina [m2];1953;0;140;0;364;1449;2491;140;222;179;458;1492;3045;195;302;698;764;1086;8864;385;127;4289;1927;2136;902;97;0;154;274;377;1828;0;0;140;677;1011;807;0;0;0;333;474;954;0;0;98;0;856;1320;0;50;226;274;770;1197;32;0;184;320;661;1341;0;42;162;0;1137
Podlehnik;Število;2;1;0;0;0;1;1;1;0;0;0;0;1;0;0;0;1;0;1;0;0;0;1;0;2;0;0;1;1;0;2;0;0;1;0;1;5;1;0;1;0;3;2;0;0;0;2;0;15;0;1;1;5;8;3;0;0;1;0;2;5;1;0;1;3;0
Podlehnik;Površina [m2];260;52;0;0;0;208;110;110;0;0;0;0;204;0;0;0;204;0;238;0;0;0;238;0;196;0;0;80;116;0;252;0;0;120;0;132;778;57;0;92;0;629;221;0;0;0;221;0;2227;0;64;65;683;1415;403;0;0;104;0;299;534;35;0;112;387;0
Podvelka;Število;5;0;0;1;2;2;3;0;0;0;0;3;2;0;0;0;1;1;2;0;0;0;0;2;12;4;4;0;1;3;2;0;0;1;1;0;0;0;0;0;0;0;1;0;1;0;0;0;0;0;0;0;0;0;2;0;0;1;0;1;0;0;0;0;0;0
Podvelka;Površina [m2];608;0;0;64;200;344;469;0;0;0;0;469;329;0;0;0;163;166;427;0;0;0;0;427;1175;128;224;0;265;558;147;0;0;60;87;0;0;0;0;0;0;0;43;0;43;0;0;0;0;0;0;0;0;0;301;0;0;51;0;250;0;0;0;0;0;0
Poljèane;Število;45;11;13;11;2;8;10;0;1;2;1;6;10;0;1;2;3;4;11;0;0;0;6;5;6;0;0;1;2;3;4;0;0;2;2;0;5;0;0;1;2;2;3;1;0;0;1;1;12;2;5;1;2;2;3;0;0;0;1;2;4;0;0;0;1;3
Poljèane;Površina [m2];5738;508;716;1613;393;2508;1855;0;34;436;129;1256;1672;0;82;173;467;950;2019;0;0;0;1066;953;1020;0;0;121;401;498;487;0;0;275;212;0;826;0;0;211;311;304;252;28;0;0;58;166;1239;112;298;90;278;461;479;0;0;0;110;369;650;0;0;0;106;544
Polzela;Število;44;0;1;2;24;17;21;0;2;1;7;11;16;0;1;0;10;5;11;0;0;1;9;1;9;0;0;1;5;3;7;0;1;2;2;2;13;0;1;2;8;2;13;0;2;4;5;2;15;0;1;2;6;6;65;0;0;3;59;3;22;0;0;3;11;8
Polzela;Površina [m2];8063;0;196;146;3847;3874;4054;0;139;46;1021;2848;2419;0;84;0;1615;720;1806;0;0;193;1439;174;1642;0;0;171;954;517;899;0;47;187;382;283;1808;0;86;229;1064;429;2028;0;140;471;811;606;2019;0;78;384;850;707;6270;0;0;411;5445;414;3672;0;0;531;1810;1331
Postojna;Število;91;3;20;24;20;24;110;6;11;6;25;62;45;2;1;2;14;26;36;0;1;0;2;33;26;0;0;1;10;15;22;0;1;1;2;18;23;0;0;1;6;16;15;0;0;6;1;8;11;1;0;0;2;8;37;2;6;2;7;20;14;1;0;1;0;12
Postojna;Površina [m2];10405;161;1002;1772;2561;4909;10343;184;487;404;2187;7081;7361;326;83;194;1615;5143;6636;0;22;0;226;6388;3968;0;0;168;1072;2728;3155;0;80;63;250;2762;3133;0;0;62;676;2395;2089;0;0;487;89;1513;1874;46;0;0;183;1645;4026;160;309;180;630;2747;2396;95;0;110;0;2191
Prebold;Število;8;0;0;1;2;5;75;12;34;5;21;3;8;0;0;0;5;3;9;0;1;2;5;1;6;0;0;0;3;3;7;0;0;0;1;6;5;0;1;2;1;1;9;1;0;2;6;0;15;0;0;3;8;4;10;0;0;1;6;3;2;0;0;0;1;1
Prebold;Površina [m2];1505;0;0;105;304;1096;5333;335;1899;269;2171;659;1255;0;0;0;810;445;1397;0;90;214;869;224;1343;0;0;0;751;592;1132;0;0;0;250;882;683;0;67;183;221;212;1354;80;0;280;994;0;2460;0;0;495;1182;783;1555;0;0;155;820;580;260;0;0;0;134;126
Preddvor;Število;35;4;8;9;5;9;12;0;0;5;1;6;13;0;0;0;4;9;6;0;0;1;0;5;13;0;6;1;5;1;3;1;0;1;1;0;2;0;0;1;0;1;6;0;0;1;1;4;13;0;0;3;3;7;16;0;1;4;3;8;10;0;0;1;6;3
Preddvor;Površina [m2];4034;192;517;985;547;1793;2239;0;0;673;151;1415;2775;0;0;0;698;2077;1047;0;0;76;0;971;900;0;313;62;430;95;389;149;0;87;153;0;325;0;0;206;0;119;1000;0;0;125;95;780;2104;0;0;304;408;1392;2554;0;54;629;375;1496;1511;0;0;70;906;535
Prevalje;Število;36;10;20;1;0;5;8;0;0;1;1;6;6;0;0;0;0;6;5;0;0;0;1;4;18;4;6;3;1;4;3;0;0;1;1;1;4;0;1;1;1;1;11;0;5;2;0;4;5;0;1;0;1;3;11;0;0;2;3;6;23;3;2;12;1;5
Prevalje;Površina [m2];2401;387;923;86;0;1005;1398;0;0;164;148;1086;1099;0;0;0;0;1099;1348;0;0;0;373;975;1590;130;384;197;150;729;514;0;0;91;190;233;619;0;125;128;140;226;1322;0;315;204;0;803;650;0;82;0;92;476;1759;0;0;177;750;832;2506;168;131;1184;106;917
Ptuj;Število;29;2;1;8;8;10;21;4;0;2;6;9;12;0;1;1;5;5;12;0;4;0;3;5;17;5;2;2;6;2;19;2;2;1;7;7;22;4;3;3;4;8;28;3;1;3;13;8;66;2;18;12;18;16;93;2;2;46;29;14;46;4;5;10;13;14
Ptuj;Površina [m2];4262;118;81;664;1461;1938;2945;168;0;235;1072;1470;2308;0;56;112;817;1323;1538;0;330;0;301;907;1537;262;96;157;780;242;2460;106;160;102;1036;1056;2757;137;211;350;702;1357;3675;221;57;318;1679;1400;7751;158;1080;1041;2561;2911;11442;285;131;4055;4007;2964;6780;145;744;1091;2037;2763
Puconci;Število;17;0;3;4;10;0;14;0;2;2;5;5;12;0;1;3;3;5;16;3;0;0;7;6;8;1;1;3;0;3;10;0;5;1;2;2;14;1;0;4;4;5;16;7;1;1;2;5;9;1;3;1;2;2;12;0;2;5;4;1;10;0;2;0;2;6
Puconci;Površina [m2];2002;0;178;421;1403;0;2311;0;267;257;936;851;1811;0;71;381;411;948;2903;178;0;0;1098;1627;934;45;65;355;0;469;1037;0;226;113;299;399;1718;55;0;366;412;885;1442;200;79;110;290;763;1069;53;215;101;232;468;1173;0;132;420;562;59;1174;0;124;0;271;779
Raèe - Fram;Število;24;0;0;0;13;11;39;0;0;1;13;25;227;12;36;27;16;136;20;0;1;2;8;9;23;0;1;2;13;7;17;0;1;4;4;8;26;1;2;5;10;8;10;0;1;1;4;4;35;0;1;22;10;2;59;0;0;15;40;4;28;0;0;6;17;5
Raèe - Fram;Površina [m2];3708;0;0;0;1849;1859;6306;0;0;110;1830;4366;22205;572;1922;1996;2045;15670;3247;0;68;186;1159;1834;3194;0;47;198;1900;1049;2253;0;63;297;616;1277;3806;34;115;447;1675;1535;2047;0;45;108;978;916;4714;0;32;2606;1480;596;7832;0;0;1886;5228;718;3964;0;0;819;2159;986
Radeèe;Število;26;6;10;2;2;6;2;0;0;1;0;1;6;0;0;1;3;2;2;0;0;0;0;2;7;0;2;0;1;4;6;0;0;0;0;6;5;0;0;1;2;2;1;0;1;0;0;0;1;0;0;0;0;1;4;1;1;1;0;1;2;0;0;0;0;2
Radeèe;Površina [m2];2219;276;580;155;212;996;280;0;0;100;0;180;849;0;0;140;378;331;169;0;0;0;0;169;494;0;77;0;60;357;638;0;0;0;0;638;421;0;0;43;174;204;79;0;79;0;0;0;240;0;0;0;0;240;257;38;61;68;0;90;229;0;0;0;0;229
Radenci;Število;11;0;1;3;3;4;11;0;2;2;2;5;11;0;0;2;7;2;15;0;1;2;5;7;9;0;1;0;3;5;5;0;1;0;3;1;5;0;1;1;3;0;6;1;0;1;3;1;12;1;2;2;4;3;11;0;1;5;5;0;8;0;1;2;1;4
Radenci;Površina [m2];1497;0;23;435;318;721;1970;0;336;368;243;1023;1858;0;0;297;1117;444;2920;0;68;469;714;1669;1423;0;144;0;307;972;782;0;37;0;566;179;639;0;82;197;360;0;868;26;0;64;559;219;1435;36;140;191;636;432;1384;0;94;595;695;0;1110;0;52;308;124;626
Radlje ob Dravi;Število;83;0;21;51;5;6;15;1;6;1;2;5;12;1;0;0;7;4;20;0;0;3;8;9;31;0;24;3;2;2;5;0;0;0;1;4;8;0;1;3;1;3;11;0;2;2;2;5;3;0;1;0;0;2;4;0;0;0;3;1;7;0;1;0;1;5
Radlje ob Dravi;Površina [m2];6053;0;814;3545;675;1019;1896;27;331;277;290;971;2352;98;0;0;1270;984;2569;0;0;383;849;1337;2132;0;1324;311;184;313;708;0;0;0;138;570;901;0;78;318;91;414;1620;0;102;203;267;1048;459;0;38;0;0;421;504;0;0;0;366;138;1027;0;52;0;155;820
Radovljica;Število;52;0;0;1;12;39;48;0;0;3;6;39;57;16;15;1;1;24;122;8;36;34;18;26;34;0;0;4;13;17;23;0;0;4;9;10;28;0;0;0;13;15;24;1;4;4;6;9;24;0;2;6;7;9;22;0;1;8;7;6;34;0;0;5;16;13
Radovljica;Površina [m2];8882;0;0;73;1431;7378;9177;0;0;289;983;7905;5102;507;910;175;180;3330;11270;272;1768;2523;2134;4573;6606;0;0;659;1952;3995;3444;0;0;472;1415;1557;4917;0;0;0;1717;3200;3260;36;358;548;801;1517;3315;0;87;736;808;1684;3902;0;61;1257;1619;965;6230;0;0;649;3329;2252
Ravne na Koroškem;Število;12;0;1;0;2;9;4;0;0;0;1;3;11;0;0;2;4;5;10;0;0;2;2;6;10;2;2;0;1;5;6;0;2;1;1;2;10;0;1;4;1;4;14;1;0;0;2;11;17;1;0;0;2;14;16;0;0;1;6;9;9;0;0;0;1;8
Ravne na Koroškem;Površina [m2];1993;0;60;0;145;1788;638;0;0;0;119;519;1531;0;0;148;585;798;1444;0;0;159;328;957;1422;72;106;0;176;1068;1059;0;277;32;371;379;1370;0;73;379;182;736;2283;100;0;0;257;1926;2199;38;0;0;345;1816;2284;0;0;105;755;1424;1444;0;0;0;281;1163
Razkrižje;Število;7;0;1;0;1;5;1;0;0;0;1;0;3;0;1;1;0;1;3;0;0;1;1;1;1;0;0;0;0;1;0;0;0;0;0;0;2;0;2;0;0;0;2;0;0;1;1;0;1;0;0;0;1;0;4;1;1;1;0;1;1;0;0;1;0;0
Razkrižje;Površina [m2];1337;0;86;0;183;1068;105;0;0;0;105;0;327;0;68;52;0;207;511;0;0;190;180;141;176;0;0;0;0;176;0;0;0;0;0;0;103;0;103;0;0;0;191;0;0;83;108;0;97;0;0;0;97;0;262;45;42;83;0;92;52;0;0;52;0;0
Reèica ob Savinji;Število;1;0;0;0;0;1;2;0;0;0;0;2;1;0;0;0;0;1;3;0;0;0;0;3;5;0;0;0;1;4;2;0;0;0;0;2;3;1;0;0;0;2;5;0;1;0;1;3;3;0;0;0;2;1;4;2;2;0;0;0;1;0;0;0;0;1
Reèica ob Savinji;Površina [m2];170;0;0;0;0;170;374;0;0;0;0;374;112;0;0;0;0;112;554;0;0;0;0;554;747;0;0;0;60;687;403;0;0;0;0;403;533;126;0;0;0;407;655;0;80;0;126;449;498;0;0;0;330;168;374;273;101;0;0;0;190;0;0;0;0;190
Renèe - Vogrsko;Število;13;0;0;2;5;6;6;0;0;1;1;4;7;0;0;0;3;4;14;1;1;6;1;5;6;0;0;0;3;3;12;1;0;1;1;9;7;0;0;0;5;2;5;0;0;1;1;3;8;0;1;1;5;1;7;0;1;0;1;5;4;0;0;0;1;3
Renèe - Vogrsko;Površina [m2];1733;0;0;148;620;965;1080;0;0;96;74;910;1515;0;0;0;546;969;2123;140;32;478;190;1283;890;0;0;0;479;411;1469;32;0;87;95;1255;771;0;0;0;541;230;812;0;0;75;147;590;1234;0;93;133;768;240;874;0;104;0;113;657;731;0;0;0;179;552
Ribnica;Število;102;7;11;47;28;9;22;2;3;3;3;11;18;0;1;1;2;14;13;0;0;1;4;8;25;0;0;0;6;19;18;0;5;1;2;10;11;1;0;0;3;7;10;0;1;0;3;6;13;1;0;3;4;5;16;0;0;1;7;8;18;0;0;0;11;7
Ribnica;Površina [m2];8101;227;517;2821;2444;2092;4097;64;291;490;855;2397;3865;0;47;91;178;3549;2958;0;0;113;729;2116;5084;0;0;0;919;4165;3458;0;450;242;320;2446;2241;15;0;0;533;1693;2067;0;45;0;657;1365;2348;133;0;333;673;1209;3730;0;0;154;1522;2054;4272;0;0;0;2448;1824
Ribnica na Pohorju;Število;0;0;0;0;0;0;0;0;0;0;0;0;3;0;0;0;2;1;5;0;0;4;1;0;0;0;0;0;0;0;8;0;4;0;2;2;3;1;1;1;0;0;1;0;0;0;0;1;2;0;0;0;2;0;0;0;0;0;0;0;1;0;0;1;0;0
Ribnica na Pohorju;Površina [m2];0;0;0;0;0;0;0;0;0;0;0;0;461;0;0;0;287;174;233;0;0;86;147;0;0;0;0;0;0;0;852;0;467;0;166;219;376;97;139;140;0;0;220;0;0;0;0;220;271;0;0;0;271;0;0;0;0;0;0;0;64;0;0;64;0;0
Rogaška Slatina;Število;72;14;33;6;5;14;36;2;3;7;4;20;43;0;5;5;8;25;43;0;1;2;13;27;46;2;3;6;6;29;35;1;3;1;5;25;22;1;0;0;2;19;27;0;1;1;2;23;24;0;1;3;6;14;28;0;0;1;6;21;44;0;2;6;4;32
Rogaška Slatina;Površina [m2];5457;559;1718;424;497;2259;4553;78;163;554;439;3319;6019;0;341;619;995;4064;6855;0;110;198;2005;4542;7111;70;183;461;1074;5323;4835;30;140;70;625;3970;3730;30;0;0;353;3347;3316;0;35;75;185;3021;3815;0;135;232;900;2548;5269;0;0;80;947;4242;6238;0;97;608;497;5036
Rogašovci;Število;7;0;2;3;0;2;4;0;1;0;0;3;3;1;1;0;0;1;6;0;1;1;1;3;7;0;1;3;2;1;5;0;0;0;3;2;8;2;0;1;2;3;10;0;1;3;4;2;6;0;0;3;2;1;7;0;0;1;1;5;4;0;1;0;3;0
Rogašovci;Površina [m2];819;0;73;236;0;510;557;0;79;0;0;478;293;41;76;0;0;176;1125;0;166;112;186;661;1238;0;107;480;384;267;894;0;0;0;345;549;1030;74;0;122;238;596;1729;0;31;183;996;519;1118;0;0;329;497;292;860;0;0;43;132;685;591;0;70;0;521;0
Rogatec;Število;7;0;0;1;2;4;6;0;0;1;0;5;3;0;0;1;0;2;6;0;0;0;0;6;1;0;0;0;0;1;4;0;0;2;0;2;6;0;0;2;1;3;3;0;0;0;0;3;2;0;0;1;0;1;8;0;1;1;2;4;2;0;0;0;0;2
Rogatec;Površina [m2];742;0;0;78;176;488;747;0;0;63;0;684;383;0;0;130;0;253;818;0;0;0;0;818;137;0;0;0;0;137;491;0;0;168;0;323;1019;0;0;226;97;696;528;0;0;0;0;528;160;0;0;80;0;80;948;0;67;71;309;501;212;0;0;0;0;212
Ruše;Število;10;0;0;0;1;9;23;0;2;2;3;16;16;0;1;2;2;11;13;0;2;4;1;6;6;0;1;1;1;3;10;0;3;1;1;5;4;0;0;0;1;3;2;0;0;0;1;1;11;0;0;1;0;10;7;2;0;1;1;3;2;0;1;1;0;0
Ruše;Površina [m2];1372;0;0;0;126;1246;3515;0;125;147;344;2899;1966;0;75;111;101;1679;1638;0;112;300;129;1097;727;0;68;76;128;455;1351;0;308;74;228;741;885;0;0;0;175;710;271;0;0;0;118;153;2082;0;0;92;0;1990;703;50;0;67;202;384;64;0;22;42;0;0
Selnica ob Dravi;Število;12;0;1;1;2;8;15;0;0;0;2;13;8;1;0;2;0;5;9;0;0;3;0;6;13;0;1;2;1;9;4;0;0;1;0;3;11;0;0;2;2;7;9;0;0;1;1;7;5;0;0;2;1;2;2;0;0;0;1;1;4;0;0;1;0;3
Selnica ob Dravi;Površina [m2];1705;0;65;67;230;1343;2633;0;0;0;232;2401;1111;62;0;312;0;737;1210;0;0;225;0;985;1828;0;82;180;91;1475;519;0;0;105;0;414;1665;0;0;127;273;1265;1474;0;0;74;87;1313;569;0;0;152;133;284;271;0;0;0;165;106;581;0;0;118;0;463
Semiè;Število;3;0;1;0;1;1;5;0;0;1;4;0;6;0;0;1;2;3;7;0;0;4;2;1;8;1;1;1;2;3;4;0;0;0;3;1;4;0;1;0;2;1;5;0;0;2;1;2;9;1;1;1;1;5;6;0;1;2;3;0;7;0;0;1;2;4
Semiè;Površina [m2];456;0;88;0;163;205;686;0;0;56;630;0;860;0;0;110;265;485;859;0;0;390;290;179;976;27;49;110;302;488;769;0;0;0;604;165;715;0;70;0;471;174;931;0;0;197;151;583;1195;58;46;69;63;959;493;0;65;134;294;0;648;0;0;70;121;457
Sevnica;Število;38;0;4;6;6;22;53;0;0;3;7;43;34;1;4;4;2;23;30;1;0;3;4;22;33;0;1;2;2;28;31;0;2;5;0;24;38;0;1;6;7;24;37;0;0;0;4;33;24;0;2;1;0;21;17;0;1;0;1;15;16;0;4;0;0;12
Sevnica;Površina [m2];5396;0;394;463;826;3713;8596;0;0;192;938;7466;4166;63;285;319;241;3258;4727;40;0;438;454;3795;5050;0;81;165;260;4544;4510;0;93;493;0;3924;6313;0;64;598;850;4801;5951;0;0;0;371;5580;4150;0;126;60;0;3964;2832;0;54;0;89;2689;2524;0;350;0;0;2174
Sežana;Število;46;0;2;1;15;28;34;0;0;6;10;18;30;0;1;3;16;10;41;3;1;4;17;16;16;0;0;1;6;9;17;0;1;4;10;2;21;1;1;7;6;6;21;0;0;1;13;7;35;1;2;10;9;13;26;0;4;12;4;6;21;2;0;6;9;4
Sežana;Površina [m2];7295;0;129;85;2262;4819;5551;0;0;863;1493;3195;5272;0;55;497;2634;2086;8114;114;73;512;3417;3998;3099;0;0;163;1341;1595;2530;0;54;395;1737;344;3956;46;58;1247;945;1660;3152;0;0;152;1814;1186;6551;19;111;1389;1654;3378;3881;0;500;1686;491;1204;3589;84;0;1062;1406;1037
Slovenj Gradec;Število;31;1;3;6;2;19;24;0;0;2;0;22;21;0;1;1;4;15;23;0;0;2;3;18;15;0;2;1;6;6;20;0;1;1;6;12;22;1;2;4;5;10;21;2;2;2;4;11;18;4;3;3;2;6;5;0;0;0;0;5;51;8;3;5;8;27
Slovenj Gradec;Površina [m2];5541;40;238;850;273;4140;6717;0;0;236;0;6481;4153;0;126;50;846;3131;4641;0;0;260;448;3933;2776;0;247;202;1127;1200;3376;0;89;62;900;2325;3751;140;185;538;823;2065;3621;119;240;164;658;2440;1943;150;156;185;293;1159;761;0;0;0;0;761;4841;274;184;445;1220;2718
Slovenska Bistrica;Število;147;1;9;63;27;47;272;7;24;49;35;157;87;0;5;26;38;18;57;3;8;11;21;14;81;2;12;5;34;28;47;1;3;2;17;24;59;3;8;13;19;16;49;1;0;10;14;24;46;5;3;16;9;13;40;0;2;1;7;30;74;2;3;5;16;48
Slovenska Bistrica;Površina [m2];24480;46;911;9597;4463;9463;23371;279;1718;6411;5804;9159;14412;0;568;3513;6835;3496;8811;147;672;1971;3468;2553;10416;70;575;492;4697;4582;8093;64;262;188;3003;4576;7192;86;395;1262;2617;2832;7038;28;0;1108;1826;4076;5137;151;224;1322;1328;2112;6624;0;103;56;784;5681;11064;163;222;451;1988;8240
Slovenske Konjice;Število;85;13;2;26;22;22;100;5;19;25;26;25;48;0;3;5;14;26;76;2;27;27;4;16;20;1;0;2;6;11;30;0;5;1;7;17;22;0;1;3;3;15;29;1;1;7;3;17;24;1;2;2;9;10;55;0;8;31;5;11;12;0;0;1;3;8
Slovenske Konjice;Površina [m2];10729;402;98;2372;3245;4612;11238;422;964;2200;2732;4920;8494;0;246;615;2171;5462;7233;96;1742;2244;495;2656;3543;79;0;314;837;2313;5758;0;307;88;1566;3797;3687;0;118;228;293;3048;4537;67;126;950;304;3090;3894;55;289;231;1469;1850;7237;0;675;3862;487;2213;1981;0;0;79;471;1431
Sodražica;Število;9;0;0;2;1;6;5;0;1;2;0;2;6;0;0;0;1;5;5;0;2;0;0;3;5;0;0;1;2;2;5;0;0;1;1;3;4;0;0;0;2;2;7;1;2;1;2;1;1;0;0;0;1;0;5;0;0;0;1;4;5;0;0;1;0;4
Sodražica;Površina [m2];1837;0;0;296;126;1415;939;0;159;258;0;522;1396;0;0;0;281;1115;856;0;119;0;0;737;866;0;0;86;347;433;878;0;0;140;175;563;1068;0;0;0;422;646;853;39;192;201;255;166;197;0;0;0;197;0;1192;0;0;0;247;945;1157;0;0;140;0;1017
Solèava;Število;0;0;0;0;0;0;1;0;0;0;0;1;0;0;0;0;0;0;0;0;0;0;0;0;1;0;0;0;0;1;0;0;0;0;0;0;1;0;0;0;1;0;1;0;0;0;0;1;2;0;0;0;1;1;0;0;0;0;0;0;1;0;0;1;0;0
Solèava;Površina [m2];0;0;0;0;0;0;185;0;0;0;0;185;0;0;0;0;0;0;0;0;0;0;0;0;146;0;0;0;0;146;0;0;0;0;0;0;82;0;0;0;82;0;135;0;0;0;0;135;274;0;0;0;145;129;0;0;0;0;0;0;123;0;0;123;0;0
Središèe ob Dravi;Število;0;0;0;0;0;0;3;0;1;0;2;0;2;0;0;0;0;2;0;0;0;0;0;0;4;0;0;2;2;0;2;0;0;0;1;1;4;0;1;0;3;0;5;0;0;0;2;3;2;0;1;0;1;0;2;0;0;1;0;1;2;0;1;1;0;0
Središèe ob Dravi;Površina [m2];0;0;0;0;0;0;289;0;39;0;250;0;341;0;0;0;0;341;0;0;0;0;0;0;428;0;0;168;260;0;306;0;0;0;154;152;505;0;41;0;464;0;715;0;0;0;168;547;208;0;94;0;114;0;315;0;0;191;0;124;158;0;53;105;0;0
Starše;Število;13;0;0;3;0;10;14;0;1;1;5;7;10;2;0;0;2;6;5;0;0;0;2;3;6;0;0;0;3;3;7;0;0;1;2;4;7;0;0;4;1;2;10;0;0;4;4;2;11;0;0;1;4;6;9;0;1;2;3;3;12;0;0;1;0;11
Starše;Površina [m2];2261;0;0;323;0;1938;2026;0;34;135;682;1175;1720;78;0;0;312;1330;923;0;0;0;347;576;911;0;0;0;427;484;1066;0;0;86;217;763;1052;0;0;432;213;407;1352;0;0;491;568;293;1487;0;0;77;672;738;1384;0;35;236;385;728;1999;0;0;106;0;1893
Straža;Število;5;1;0;0;1;3;1;0;1;0;0;0;3;1;0;0;0;2;2;0;0;0;1;1;3;1;0;0;0;2;1;0;0;0;0;1;5;0;0;0;1;4;12;0;0;0;1;11;8;0;0;0;0;8;10;0;1;0;2;7;11;0;0;0;2;9
Straža;Površina [m2];790;21;0;0;244;525;64;0;64;0;0;0;321;35;0;0;0;286;252;0;0;0;110;142;333;61;0;0;0;272;164;0;0;0;0;164;907;0;0;0;224;683;2158;0;0;0;215;1943;1750;0;0;0;0;1750;1313;0;61;0;288;964;1970;0;0;0;253;1717
Sveta Ana;Število;9;0;1;1;1;6;8;0;0;3;1;4;11;0;0;4;3;4;14;0;1;0;5;8;6;0;0;0;2;4;4;0;0;2;0;2;21;1;7;7;2;4;10;0;0;2;4;4;6;0;1;1;1;3;25;1;9;2;10;3;6;0;0;0;3;3
Sveta Ana;Površina [m2];1675;0;33;88;140;1414;1302;0;0;273;180;849;2119;0;0;678;509;932;2536;0;70;0;829;1637;1122;0;0;0;404;718;864;0;0;193;0;671;2491;38;448;657;350;998;2001;0;0;164;894;943;1302;0;387;77;269;569;2711;50;715;184;1155;607;936;0;0;0;427;509
Sveta Trojica v Slov. goricah*;Število;9;0;0;5;2;2;9;0;1;1;4;3;7;0;0;0;5;2;6;0;0;1;5;0;6;0;0;1;1;4;10;0;1;1;2;6;5;1;0;1;1;2;5;0;0;1;1;3;34;2;1;2;26;3;8;0;0;1;1;6;8;0;0;2;3;3
Sveta Trojica v Slov. goricah*;Površina [m2];1491;0;0;817;182;492;1593;0;56;124;762;651;1604;0;0;0;942;662;756;0;0;80;676;0;960;0;0;99;100;761;1548;0;33;54;252;1209;994;55;0;78;285;576;1297;0;0;178;210;909;4458;101;174;267;3348;568;1451;0;0;160;141;1150;1173;0;0;303;399;471
Sveti Andraž v Slov. goricah;Število;0;0;0;0;0;0;8;1;0;0;3;4;0;0;0;0;0;0;0;0;0;0;0;0;1;0;0;0;1;0;1;0;0;0;0;1;6;2;1;1;1;1;3;0;0;0;1;2;2;0;0;0;0;2;3;0;0;1;1;1;4;0;1;0;1;2
Sveti Andraž v Slov. goricah;Površina [m2];0;0;0;0;0;0;1292;30;0;0;556;706;0;0;0;0;0;0;0;0;0;0;0;0;120;0;0;0;120;0;120;0;0;0;0;120;666;51;57;334;97;127;781;0;0;0;98;683;354;0;0;0;0;354;725;0;0;185;354;186;682;0;37;0;141;504
Sveti Jurij ob Šèavnici;Število;12;1;0;2;4;5;8;0;1;1;1;5;7;0;1;0;1;5;8;0;2;2;1;3;13;0;2;2;3;6;8;1;4;0;2;1;9;0;2;4;1;2;9;1;1;0;3;4;6;0;0;3;2;1;5;0;0;2;3;0;6;1;0;1;2;2
Sveti Jurij ob Šèavnici;Površina [m2];2353;52;0;405;886;1010;1710;0;72;91;196;1351;1690;0;197;0;198;1295;1154;0;205;168;214;567;2244;0;365;277;439;1163;877;28;283;0;340;226;1153;0;214;382;166;391;1477;51;100;0;488;838;1262;0;0;405;459;398;903;0;0;405;498;0;792;30;0;130;338;294
Sveti Jurij v Slov. goricah;Število;5;0;0;0;2;3;7;0;0;1;1;5;7;0;0;1;4;2;12;1;1;0;5;5;8;0;1;0;2;5;5;0;0;0;2;3;4;0;0;1;1;2;4;0;0;1;2;1;4;0;1;2;0;1;3;0;1;0;0;2;3;1;0;1;1;0
Sveti Jurij v Slov. goricah;Površina [m2];874;0;0;0;341;533;1302;0;0;64;115;1123;892;0;0;85;502;305;1587;33;109;0;739;706;1513;0;131;0;246;1136;1312;0;0;0;762;550;717;0;0;68;193;456;621;0;0;112;307;202;515;0;77;184;0;254;397;0;42;0;0;355;348;62;0;104;182;0
Sveti Tomaž;Število;5;0;0;3;1;1;6;0;2;0;2;2;8;0;1;2;4;1;3;0;0;0;1;2;4;0;0;2;2;0;7;2;0;0;1;4;6;0;2;2;0;2;5;0;0;1;0;4;6;1;1;3;0;1;3;0;0;0;2;1;6;0;1;1;2;2
Sveti Tomaž;Površina [m2];562;0;0;313;105;144;564;0;98;0;203;263;878;0;53;192;501;132;377;0;0;0;144;233;434;0;0;187;247;0;704;128;0;0;98;478;455;0;78;159;0;218;697;0;0;70;0;627;570;47;79;323;0;121;381;0;0;0;237;144;777;0;40;100;230;407
Šalovci;Število;3;0;0;0;1;2;5;0;0;2;1;2;1;0;0;1;0;0;0;0;0;0;0;0;3;0;1;0;0;2;3;0;0;2;0;1;2;1;0;0;1;0;4;0;0;3;0;1;2;0;0;1;1;0;6;1;1;0;2;2;1;0;0;1;0;0
Šalovci;Površina [m2];392;0;0;0;76;316;909;0;0;228;226;455;135;0;0;135;0;0;0;0;0;0;0;0;392;0;64;0;0;328;380;0;0;223;0;157;293;50;0;0;243;0;571;0;0;439;0;132;234;0;0;150;84;0;619;21;52;0;266;280;112;0;0;112;0;0
Šempeter - Vrtojba;Število;63;60;0;1;2;0;7;0;0;2;2;3;5;0;0;1;2;2;2;0;0;0;0;2;7;0;0;1;1;5;6;0;0;1;2;3;10;0;0;2;3;5;8;0;0;2;4;2;13;0;0;2;2;9;1;0;0;0;1;0;4;0;0;0;1;3
Šempeter - Vrtojba;Površina [m2];2801;2328;0;135;338;0;1152;0;0;289;281;582;763;0;0;233;266;264;540;0;0;0;0;540;1094;0;0;100;167;827;1041;0;0;308;282;451;1339;0;0;109;342;888;964;0;0;154;410;400;1330;0;0;74;88;1168;247;0;0;0;247;0;681;0;0;0;148;533
Šenèur;Število;22;0;0;1;6;15;24;0;0;1;10;13;18;0;0;2;0;16;15;0;0;0;3;12;11;0;0;2;3;6;14;0;0;4;3;7;11;1;0;0;4;6;9;0;3;1;3;2;16;1;1;2;6;6;13;0;0;1;3;9;11;0;0;0;3;8
Šenèur;Površina [m2];5094;0;0;95;1304;3695;3607;0;0;118;1246;2243;3653;0;0;251;0;3402;3161;0;0;0;597;2564;1763;0;0;325;411;1027;2213;0;0;377;448;1388;2344;204;0;0;650;1490;910;0;230;48;312;320;2483;80;125;237;695;1346;2414;0;0;100;460;1854;1654;0;0;0;411;1243
Šentilj;Število;110;5;41;21;8;35;34;0;1;4;6;23;28;0;3;11;7;7;28;1;0;1;13;13;14;0;0;2;3;9;15;0;1;2;8;4;15;0;0;1;7;7;10;0;1;3;2;4;17;4;7;0;4;2;16;0;0;1;5;10;15;0;0;2;10;3
Šentilj;Površina [m2];12808;232;3252;2632;930;5762;5576;0;156;420;825;4175;3416;0;205;1039;941;1231;3975;46;0;175;1592;2162;2291;0;0;206;365;1720;2294;0;52;155;1312;775;2620;0;0;154;1084;1382;1410;0;120;453;262;575;1577;208;417;0;615;337;2243;0;0;98;570;1575;2433;0;0;269;1363;801
Šentjernej;Število;9;0;1;0;3;5;11;1;0;3;2;5;11;0;0;1;4;6;17;0;0;3;5;9;19;1;0;1;2;15;28;1;4;2;2;19;25;0;0;2;4;19;26;0;0;3;2;21;24;0;0;3;4;17;18;0;0;2;1;15;25;0;0;5;4;16
Šentjernej;Površina [m2];1623;0;201;0;474;948;1607;54;0;338;317;898;1442;0;0;99;239;1104;2636;0;0;392;649;1595;3181;40;0;89;302;2750;3807;26;204;207;219;3151;4013;0;0;206;451;3356;4113;0;0;165;314;3634;3823;0;0;354;629;2840;2684;0;0;169;105;2410;3934;0;0;357;640;2937
Šentjur;Število;69;0;3;9;23;34;60;1;6;4;19;30;47;1;1;4;9;32;36;1;0;5;18;12;45;2;2;3;8;30;33;1;4;1;7;20;32;0;2;3;4;23;37;1;3;1;12;20;46;0;2;3;9;32;45;1;12;2;11;19;42;1;2;1;10;28
Šentjur;Površina [m2];12717;0;282;1319;5098;6018;12043;80;762;791;4269;6141;8529;79;38;406;1391;6615;5943;76;0;679;2959;2229;6543;55;143;498;902;4945;4694;16;163;61;1168;3286;4540;0;244;349;423;3524;6241;89;194;57;1877;4024;8254;0;72;592;1446;6144;5712;62;1052;196;1372;3030;6338;80;232;164;1241;4621
Šentrupert;Število;3;0;1;0;0;2;5;0;0;1;1;3;6;0;0;0;0;6;9;1;0;1;2;5;6;0;1;0;1;4;17;1;1;2;4;9;8;0;0;1;4;3;17;1;3;7;4;2;13;0;0;4;4;5;3;0;2;0;1;0;7;0;0;1;1;5
Šentrupert;Površina [m2];630;0;132;0;0;498;1226;0;0;108;168;950;1454;0;0;0;0;1454;1439;51;0;108;319;961;1132;0;97;0;178;857;2992;29;115;280;530;2038;1451;0;0;52;624;775;2541;63;274;820;722;662;2602;0;0;574;788;1240;264;0;167;0;97;0;963;0;0;128;182;653
Škocjan;Število;9;0;0;2;3;4;3;0;0;1;1;1;4;0;0;1;0;3;8;1;1;0;1;5;3;0;0;0;1;2;12;1;0;0;0;11;5;0;1;0;0;4;8;0;1;2;1;4;7;0;0;0;0;7;9;0;0;1;0;8;10;0;0;1;4;5
Škocjan;Površina [m2];1399;0;0;246;462;691;302;0;0;76;71;155;576;0;0;113;0;463;1260;45;80;0;131;1004;494;0;0;0;115;379;1757;48;0;0;0;1709;639;0;46;0;0;593;1131;0;100;182;198;651;1218;0;0;0;0;1218;1380;0;0;78;0;1302;1453;0;0;96;527;830
Škofja Loka;Število;100;2;5;28;27;38;47;0;1;6;14;26;45;0;2;3;8;32;86;9;38;2;18;19;43;3;2;3;12;23;51;0;2;11;14;24;31;0;0;6;8;17;27;0;2;5;7;13;41;3;1;6;5;26;42;1;10;10;12;9;35;1;1;5;7;21
Škofja Loka;Površina [m2];17737;169;746;4915;5042;6865;10094;0;68;939;2454;6633;10314;0;148;378;1589;8199;10977;441;2505;240;3038;4753;8925;154;105;452;3007;5207;10611;0;129;1541;2940;6001;5907;0;0;584;1360;3963;5770;0;287;877;1466;3140;8509;254;59;1058;1023;6115;5385;31;329;1261;2149;1615;6967;66;77;1122;1492;4210
Škofljica;Število;30;0;0;0;4;26;9;1;0;0;4;4;53;5;9;18;12;9;16;0;0;0;7;9;60;43;6;0;2;9;9;0;0;0;1;8;9;0;0;1;0;8;19;1;0;0;8;10;70;13;21;21;7;8;17;0;2;3;3;9;20;0;0;1;9;10
Škofljica;Površina [m2];3789;0;0;0;439;3350;1528;31;0;0;426;1071;5138;165;558;1547;1235;1633;2308;0;0;0;824;1484;3833;1732;375;0;226;1500;1880;0;0;0;189;1691;1889;0;0;120;0;1769;3283;40;0;0;1213;2030;5981;639;1261;1501;614;1966;3828;0;334;473;720;2301;3088;0;0;108;1023;1957
Šmarje pri Jelšah;Število;34;0;3;5;5;21;34;0;1;6;6;21;39;5;9;4;4;17;30;1;0;0;7;22;25;0;1;4;3;17;27;0;2;2;4;19;21;1;2;3;4;11;11;0;0;1;2;8;21;0;1;2;3;15;21;0;3;3;1;14;18;0;0;2;4;12
Šmarje pri Jelšah;Površina [m2];3879;0;194;356;520;2809;4579;0;30;517;571;3461;4253;195;496;360;466;2736;4513;40;0;0;857;3616;3362;0;60;317;299;2686;3882;0;148;155;453;3126;2627;25;104;343;379;1776;1572;0;0;191;189;1192;2966;0;47;221;449;2249;2728;0;274;212;131;2111;2617;0;0;203;467;1947
Šmarješke Toplice;Število;8;0;0;2;2;4;9;1;0;0;3;5;2;0;0;0;0;2;5;0;1;0;0;4;4;0;0;1;0;3;11;2;0;4;0;5;9;1;1;0;4;3;14;1;1;1;2;9;10;0;0;1;2;7;3;0;0;2;0;1;4;0;0;2;1;1
Šmarješke Toplice;Površina [m2];1162;0;0;212;222;728;1425;60;0;0;456;909;326;0;0;0;0;326;683;0;96;0;0;587;980;0;0;146;0;834;1469;106;0;440;0;923;1301;38;52;0;659;552;2507;45;78;167;318;1899;1474;0;0;150;247;1077;702;0;0;462;0;240;746;0;0;234;178;334
Šmartno ob Paki;Število;11;0;1;0;3;7;15;0;0;2;11;2;14;0;0;0;0;14;12;0;0;1;3;8;5;0;0;1;0;4;13;0;6;1;3;3;11;0;0;0;2;9;8;1;0;1;1;5;12;0;0;8;1;3;6;0;0;0;3;3;4;0;0;0;3;1
Šmartno ob Paki;Površina [m2];1886;0;35;0;487;1364;2165;0;0;154;1751;260;2345;0;0;0;0;2345;2059;0;0;117;450;1492;919;0;0;126;0;793;1439;0;241;85;356;757;1359;0;0;0;178;1181;1217;51;0;157;139;870;1153;0;0;608;126;419;868;0;0;0;312;556;387;0;0;0;255;132
Šmartno pri Litiji;Število;28;12;1;1;7;7;31;8;6;3;2;12;18;0;1;4;4;9;7;0;0;1;2;4;16;0;0;1;2;13;12;0;4;2;1;5;7;1;0;1;1;4;13;0;1;0;3;9;9;0;0;1;1;7;9;0;0;1;0;8;6;0;0;0;1;5
Šmartno pri Litiji;Površina [m2];3135;312;167;57;1147;1452;3828;383;323;320;365;2437;2512;0;38;304;402;1768;1291;0;0;128;342;821;2809;0;0;77;423;2309;1276;0;230;96;60;890;1261;175;0;106;142;838;2371;0;65;0;497;1809;1747;0;0;186;201;1360;1732;0;0;83;0;1649;695;0;0;0;90;605
Šoštanj;Število;16;0;1;5;5;5;23;0;0;3;3;17;21;1;0;2;11;7;10;0;0;2;4;4;25;0;0;1;7;17;23;3;4;2;1;13;11;0;0;2;2;7;23;1;6;6;3;7;12;0;1;0;1;10;6;0;0;0;0;6;4;0;0;1;1;2
Šoštanj;Površina [m2];2947;0;68;1165;712;1002;3640;0;0;249;642;2749;3784;39;0;243;1790;1712;1617;0;0;233;764;620;4374;0;0;140;1249;2985;3239;163;180;140;95;2661;1852;0;0;249;256;1347;2379;50;387;587;362;993;1947;0;60;0;225;1662;1071;0;0;0;0;1071;570;0;0;87;213;270
Štore;Število;5;0;0;1;1;3;5;0;0;1;0;4;6;0;1;0;1;4;5;0;0;2;3;0;4;0;0;1;1;2;1;0;1;0;0;0;7;0;0;3;1;3;2;0;0;0;2;0;1;0;0;0;1;0;1;0;0;0;1;0;4;0;0;0;2;2
Štore;Površina [m2];1066;0;0;114;194;758;787;0;0;60;0;727;1125;0;62;0;203;860;872;0;0;237;635;0;913;0;0;286;243;384;82;0;82;0;0;0;1395;0;0;540;218;637;384;0;0;0;384;0;205;0;0;0;205;0;170;0;0;0;170;0;808;0;0;0;358;450
Tabor;Število;10;0;0;0;7;3;5;0;0;1;3;1;5;0;0;1;3;1;2;0;0;0;2;0;6;1;0;0;1;4;2;0;0;0;0;2;2;0;0;0;1;1;2;0;0;0;1;1;2;0;0;0;0;2;0;0;0;0;0;0;5;0;0;1;4;0
Tabor;Površina [m2];1710;0;0;0;1230;480;915;0;0;134;618;163;990;0;0;141;667;182;232;0;0;0;232;0;1027;30;0;0;191;806;407;0;0;0;0;407;330;0;0;0;162;168;440;0;0;0;176;264;288;0;0;0;0;288;0;0;0;0;0;0;748;0;0;133;615;0
Tišina;Število;18;0;3;1;6;8;6;0;0;3;1;2;6;0;1;2;1;2;5;0;0;2;1;2;10;1;1;5;1;2;4;0;0;0;2;2;18;8;0;1;3;6;11;0;0;3;4;4;3;0;0;0;1;2;13;1;0;1;2;9;7;0;0;0;2;5
Tišina;Površina [m2];2649;0;198;101;732;1618;783;0;0;334;157;292;851;0;63;162;178;448;893;0;0;171;190;532;1213;45;39;547;108;474;623;0;0;0;342;281;1907;302;0;80;389;1136;1765;0;0;540;501;724;502;0;0;0;132;370;1834;68;0;109;319;1338;1362;0;0;0;212;1150
Tolmin;Število;16;1;0;4;5;6;20;1;4;3;2;10;53;0;14;20;15;4;11;0;2;2;2;5;20;0;2;2;3;13;9;1;2;3;2;1;23;1;1;1;9;11;20;1;3;2;5;9;8;1;1;0;4;2;12;0;0;0;4;8;9;1;0;1;4;3
Tolmin;Površina [m2];2132;134;0;417;656;925;2450;27;143;227;216;1837;4245;0;875;1240;1445;685;1548;0;113;217;406;812;4244;0;154;390;567;3133;1300;44;152;507;408;189;4558;193;112;184;1532;2537;3275;37;359;265;755;1859;1062;59;104;0;398;501;2262;0;0;0;653;1609;1517;32;0;109;750;626
Trbovlje;Število;6;0;0;0;3;3;37;0;21;0;14;2;7;0;0;1;4;2;6;0;0;3;0;3;6;0;1;2;1;2;5;0;0;2;0;3;25;2;7;10;5;1;7;1;1;0;0;5;3;0;1;1;0;1;3;1;0;0;0;2;12;2;0;7;2;1
Trbovlje;Površina [m2];1303;0;0;0;607;696;3211;0;990;0;1806;415;1442;0;0;66;953;423;812;0;0;270;0;542;833;0;58;165;171;439;719;0;0;153;0;566;2406;190;361;836;747;272;1073;45;133;0;0;895;368;0;46;76;0;246;407;153;0;0;0;254;1686;302;0;912;302;170
Trebnje;Število;47;4;5;7;11;20;58;2;7;4;16;29;31;1;2;0;7;21;35;1;0;5;10;19;18;1;0;1;3;13;22;2;2;2;4;12;34;0;2;6;12;14;39;1;0;9;17;12;34;2;5;5;12;10;43;0;0;5;7;31;28;1;3;6;5;13
Trebnje;Površina [m2];7907;135;494;789;1895;4594;11282;58;565;400;2847;7412;6521;24;130;0;1064;5303;6589;31;0;392;1584;4582;3483;26;0;95;472;2890;3513;70;190;267;534;2452;6831;0;202;677;2010;3942;7180;52;0;1138;2784;3206;5114;70;500;700;1864;1980;4615;0;0;634;960;3021;3279;120;238;558;690;1673
Trnovska vas;Število;1;1;0;0;0;0;6;0;0;0;2;4;4;0;0;0;1;3;1;0;0;0;1;0;1;0;0;0;1;0;1;0;0;0;0;1;3;0;0;0;2;1;2;0;0;0;1;1;7;2;0;1;1;3;9;0;0;4;4;1;0;0;0;0;0;0
Trnovska vas;Površina [m2];26;26;0;0;0;0;1033;0;0;0;501;532;765;0;0;0;100;665;117;0;0;0;117;0;191;0;0;0;191;0;141;0;0;0;0;141;406;0;0;0;236;170;296;0;0;0;116;180;1009;126;0;55;145;683;1396;0;0;746;591;59;0;0;0;0;0;0
Trzin;Število;1;0;0;0;0;1;5;2;0;1;0;2;8;1;1;1;3;2;5;1;0;0;0;4;3;0;0;0;0;3;4;0;0;0;1;3;4;0;0;0;0;4;3;0;0;0;0;3;4;0;0;0;0;4;4;0;0;0;0;4;9;0;0;0;0;9
Trzin;Površina [m2];161;0;0;0;0;161;369;76;0;59;0;234;569;20;32;45;207;265;623;265;0;0;0;358;1050;0;0;0;0;1050;706;0;0;0;186;520;595;0;0;0;0;595;401;0;0;0;0;401;532;0;0;0;0;532;675;0;0;0;0;675;1387;0;0;0;0;1387
Tržiè;Število;18;1;0;2;0;15;12;1;1;0;1;9;21;0;1;3;1;16;18;0;2;6;1;9;11;0;1;0;8;2;18;0;1;4;4;9;14;1;2;3;2;6;7;0;1;1;1;4;8;0;0;0;1;7;5;0;0;0;4;1;10;0;1;1;2;6
Tržiè;Površina [m2];2709;34;0;244;0;2431;2165;43;147;0;87;1888;3433;0;52;237;113;3031;2468;0;192;552;130;1594;1692;0;59;0;1230;403;2693;0;33;482;647;1531;1980;111;132;333;283;1121;868;0;107;122;97;542;1510;0;0;0;218;1292;733;0;0;0;604;129;1807;0;85;99;414;1209
Turnišèe;Število;7;0;4;0;1;2;5;0;1;1;1;2;11;0;0;0;2;9;9;1;0;1;4;3;6;1;1;0;4;0;8;1;0;0;2;5;3;0;0;0;1;2;8;0;0;3;4;1;2;0;0;0;1;1;3;0;0;2;0;1;5;0;0;0;0;5
Turnišèe;Površina [m2];755;0;270;0;170;315;833;0;78;154;135;466;2468;0;0;0;285;2183;1213;21;0;60;454;678;700;78;67;0;555;0;1129;31;0;0;298;800;385;0;0;0;100;285;712;0;0;202;375;135;408;0;0;0;230;178;281;0;0;184;0;97;705;0;0;0;0;705
Velenje;Število;333;18;121;121;58;15;167;52;82;16;5;12;34;0;0;2;4;28;74;28;19;11;4;12;23;0;1;3;1;18;17;2;2;1;1;11;21;1;0;4;6;10;15;1;1;1;4;8;25;7;9;0;3;6;23;1;2;3;1;16;21;0;1;2;9;9
Velenje;Površina [m2];23161;609;5172;8053;5915;3412;12353;2310;4815;1251;1027;2950;6343;0;0;133;960;5250;10129;4094;1444;1059;670;2862;4348;0;34;344;110;3860;2417;81;87;56;103;2090;2903;12;0;283;594;2014;2073;39;39;79;510;1406;1957;202;387;0;325;1043;4178;31;117;287;102;3641;2975;0;36;226;1146;1567
Velika Polana;Število;5;1;0;1;3;0;5;0;0;0;2;3;2;0;0;0;1;1;1;0;0;0;0;1;3;0;1;1;0;1;6;2;0;0;4;0;2;0;0;0;1;1;4;0;0;1;0;3;2;0;0;0;2;0;4;0;0;2;1;1;2;0;0;0;0;2
Velika Polana;Površina [m2];517;23;0;66;428;0;974;0;0;0;231;743;445;0;0;0;216;229;125;0;0;0;0;125;265;0;36;89;0;140;499;89;0;0;410;0;259;0;0;0;135;124;533;0;0;84;0;449;275;0;0;0;275;0;302;0;0;50;117;135;239;0;0;0;0;239
Velike Lašèe;Število;8;1;1;1;0;5;4;0;0;0;0;4;5;1;0;0;0;4;3;0;0;0;0;3;7;1;0;1;1;4;8;0;1;0;0;7;11;0;0;0;1;10;8;0;0;0;3;5;10;0;0;2;1;7;10;0;0;0;1;9;7;0;0;1;1;5
Velike Lašèe;Površina [m2];1418;111;121;110;0;1076;766;0;0;0;0;766;1160;251;0;0;0;909;637;0;0;0;0;637;1600;217;0;165;448;770;1322;0;130;0;0;1192;2084;0;0;0;252;1832;1135;0;0;0;368;767;1317;0;0;237;88;992;2030;0;0;0;140;1890;1680;0;0;163;141;1376
Veržej;Število;4;0;1;2;1;0;4;0;1;1;2;0;2;0;0;1;1;0;6;0;0;3;1;2;2;0;0;0;1;1;1;0;0;0;1;0;6;0;0;2;3;1;13;0;8;1;4;0;9;8;0;1;0;0;11;0;0;1;9;1;7;0;0;4;2;1
Veržej;Površina [m2];329;0;35;229;65;0;511;0;67;89;355;0;220;0;0;99;121;0;624;0;0;180;129;315;288;0;0;0;142;146;88;0;0;0;88;0;521;0;0;167;194;160;775;0;240;87;448;0;366;304;0;62;0;0;1075;0;0;98;867;110;848;0;0;453;268;127
Videm;Število;9;0;3;0;5;1;24;0;0;6;5;13;9;1;0;1;3;4;3;0;1;0;2;0;22;1;2;14;2;3;6;0;2;0;2;2;6;1;1;1;0;3;11;1;1;0;3;6;11;2;3;2;2;2;21;2;1;5;7;6;18;1;3;7;2;5
Videm;Površina [m2];1142;0;425;0;544;173;3404;0;0;819;633;1952;1523;21;0;75;679;748;300;0;56;0;244;0;1739;40;230;838;250;381;573;0;111;0;261;201;743;40;20;61;0;622;1821;50;40;0;390;1341;1096;88;229;194;157;428;3016;116;135;533;1018;1214;2006;35;249;661;230;831
Vipava;Število;19;2;0;2;6;9;41;0;1;14;19;7;14;0;0;1;6;7;14;0;0;0;2;12;10;0;0;2;0;8;13;2;1;1;1;8;19;2;2;4;4;7;9;0;0;1;0;8;12;0;2;1;3;6;10;2;0;2;2;4;7;1;0;0;1;5
Vipava;Površina [m2];3466;42;0;242;912;2270;5150;0;61;903;3250;936;2857;0;0;114;891;1852;2680;0;0;0;359;2321;1789;0;0;237;0;1552;1982;79;62;178;114;1549;3195;94;138;441;614;1908;2138;0;0;168;0;1970;1897;0;225;95;518;1059;1316;89;0;234;384;609;1201;49;0;0;183;969
Vitanje;Število;10;0;1;5;1;3;6;0;2;0;1;3;7;0;0;0;2;5;1;0;0;0;0;1;1;0;0;0;1;0;4;0;0;0;2;2;1;0;0;0;0;1;2;0;0;0;1;1;7;1;4;1;0;1;2;0;0;0;1;1;1;0;0;0;0;1
Vitanje;Površina [m2];1433;0;69;390;157;817;939;0;165;0;124;650;1419;0;0;0;317;1102;188;0;0;0;0;188;64;0;0;0;64;0;582;0;0;0;196;386;175;0;0;0;0;175;244;0;0;0;60;184;731;47;319;99;0;266;372;0;0;0;130;242;303;0;0;0;0;303
Vodice;Število;29;0;0;1;4;24;20;0;0;2;3;15;30;4;2;0;4;20;8;0;0;0;0;8;13;0;0;1;0;12;14;2;0;0;0;12;10;0;0;2;0;8;13;0;0;1;0;12;15;1;0;0;5;9;15;0;0;0;1;14;22;3;0;0;3;16
Vodice;Površina [m2];5398;0;0;125;506;4767;3732;0;0;159;410;3163;3399;118;119;0;576;2586;1655;0;0;0;0;1655;2432;0;0;46;0;2386;2597;77;0;0;0;2520;1873;0;0;407;0;1466;2596;0;0;106;0;2490;2793;179;0;0;869;1745;3181;0;0;0;154;3027;3610;422;0;0;474;2714
Vojnik;Število;39;0;5;8;8;18;43;2;3;9;12;17;26;0;1;12;8;5;17;0;2;1;5;9;8;0;0;2;4;2;9;0;0;2;3;4;20;1;0;3;0;16;25;6;3;4;7;5;20;1;2;3;8;6;24;3;1;9;7;4;20;2;0;5;9;4
Vojnik;Površina [m2];6433;0;508;842;1288;3795;6542;164;208;1053;1960;3157;3435;0;80;1112;1171;1072;3273;0;170;85;957;2061;1279;0;0;254;702;323;1418;0;0;192;531;695;1878;55;0;231;0;1592;3156;390;320;478;1059;909;2847;91;180;310;1170;1096;3144;267;50;844;1102;881;3392;155;0;679;1611;947
Vransko;Število;9;0;0;1;7;1;2;0;0;0;2;0;5;0;0;1;3;1;50;0;41;8;0;1;4;0;1;0;3;0;2;0;0;0;1;1;4;0;0;2;0;2;5;0;1;1;1;2;5;0;1;1;2;1;4;1;0;0;0;3;8;0;0;2;3;3
Vransko;Površina [m2];1298;0;0;120;1041;137;468;0;0;0;468;0;727;0;0;98;529;100;6152;0;4994;986;0;172;808;0;51;0;757;0;375;0;0;0;110;265;549;0;0;182;0;367;816;0;50;83;160;523;701;0;48;129;179;345;949;48;0;0;0;901;1330;0;0;198;539;593
Vrhnika;Število;66;11;4;7;21;23;43;0;2;3;9;29;47;1;1;3;11;31;63;0;0;5;8;50;39;2;0;1;7;29;37;0;4;1;8;24;32;0;0;1;9;22;114;0;0;2;11;101;24;0;0;1;4;19;29;1;3;2;10;13;36;1;0;2;10;23
Vrhnika;Površina [m2];10173;443;240;595;3309;5586;8438;0;192;267;1440;6539;8739;38;57;254;1634;6756;9939;0;0;416;1516;8007;6844;62;0;79;1233;5470;6614;0;308;125;1265;4916;6719;0;0;81;1493;5145;17616;0;0;188;1426;16002;4210;0;0;80;475;3655;5409;154;182;300;1386;3387;6571;88;0;135;1418;4930
Vuzenica;Število;4;0;0;0;1;3;3;0;0;0;0;3;2;0;0;0;0;2;4;0;0;0;1;3;5;0;1;3;0;1;3;0;0;0;2;1;9;0;1;3;0;5;1;0;0;0;1;0;5;0;0;1;3;1;5;0;0;2;2;1;3;0;0;0;0;3
Vuzenica;Površina [m2];586;0;0;0;92;494;519;0;0;0;0;519;431;0;0;0;0;431;650;0;0;0;87;563;746;0;95;372;0;279;341;0;0;0;224;117;1953;0;73;431;0;1449;170;0;0;0;170;0;591;0;0;41;367;183;549;0;0;145;264;140;490;0;0;0;0;490
Zagorje ob Savi;Število;21;0;1;2;9;9;25;0;4;2;2;17;11;0;0;1;4;6;12;0;1;3;3;5;17;1;1;1;4;10;20;2;0;0;7;11;17;0;0;1;4;12;11;0;0;3;4;4;8;0;0;1;3;4;10;0;3;1;0;6;2;0;0;0;1;1
Zagorje ob Savi;Površina [m2];3324;0;96;189;1232;1807;3920;0;240;212;283;3185;1737;0;0;102;450;1185;1461;0;64;308;291;798;2267;22;40;100;488;1617;3143;88;0;0;1096;1959;2967;0;0;72;492;2403;1394;0;0;281;426;687;978;0;0;73;331;574;1220;0;201;84;0;935;351;0;0;0;169;182
Zavrè;Število;0;0;0;0;0;0;1;0;0;0;1;0;2;0;0;0;1;1;2;1;0;0;0;1;1;0;0;0;0;1;1;0;0;1;0;0;3;0;0;0;1;2;4;0;0;1;2;1;5;0;0;1;3;1;5;0;1;1;2;1;4;0;1;1;1;1
Zavrè;Površina [m2];0;0;0;0;0;0;150;0;0;0;150;0;320;0;0;0;120;200;225;121;0;0;0;104;443;0;0;0;0;443;60;0;0;60;0;0;625;0;0;0;180;445;355;0;0;102;175;78;701;0;0;207;332;162;702;0;109;222;242;129;630;0;275;76;160;119
Zreèe;Število;15;0;1;2;4;8;13;0;0;2;4;7;18;2;4;6;0;6;9;0;3;1;0;5;20;0;0;1;4;15;9;0;1;1;3;4;13;0;1;1;3;8;4;0;0;0;2;2;11;0;1;2;4;4;8;1;0;2;0;5;9;0;0;6;0;3
Zreèe;Površina [m2];2520;0;89;132;662;1637;2444;0;0;296;451;1697;2347;72;420;515;0;1340;1464;0;285;176;0;1003;4274;0;0;346;625;3303;1264;0;128;125;347;664;2316;0;91;80;444;1701;612;0;0;0;309;303;1288;0;53;205;296;734;1099;61;0;179;0;859;951;0;0;401;0;550
Žalec;Število;24;0;1;3;13;7;48;1;6;16;15;10;68;0;1;36;27;4;30;3;5;7;10;5;11;1;0;3;4;3;19;0;3;6;6;4;15;1;0;5;6;3;26;1;3;4;11;7;22;1;3;8;6;4;17;0;0;3;8;6;39;14;5;8;8;4
Žalec;Površina [m2];3657;0;67;407;1963;1220;5020;50;334;912;2064;1660;8211;0;258;3327;3842;784;4062;148;266;716;1635;1297;1857;64;0;384;664;745;2295;0;133;619;904;639;2296;64;0;564;1163;505;4499;54;362;374;2386;1323;3299;44;354;961;986;954;3067;0;0;399;1488;1180;5239;1110;617;1262;1674;576
Železniki;Število;21;0;2;4;7;8;13;0;0;2;2;9;11;0;0;1;2;8;6;0;0;0;0;6;7;0;0;1;5;1;10;0;2;2;1;5;6;0;0;1;2;3;9;0;0;1;3;5;6;0;1;2;1;2;9;1;0;1;3;4;11;0;0;3;4;4
Železniki;Površina [m2];4553;0;388;648;1457;2060;2641;0;0;258;381;2002;2435;0;0;41;387;2007;1656;0;0;0;0;1656;665;0;0;117;355;193;2108;0;106;468;188;1346;1177;0;0;136;505;536;2134;0;0;232;503;1399;1036;0;85;273;166;512;1626;52;0;176;462;936;2314;0;0;622;695;997
Žetale;Število;0;0;0;0;0;0;1;0;0;0;1;0;1;0;0;0;0;1;0;0;0;0;0;0;0;0;0;0;0;0;2;0;0;1;0;1;7;1;0;1;2;3;4;1;1;0;1;1;4;0;0;0;2;2;1;0;0;1;0;0;2;0;1;1;0;0
Žetale;Površina [m2];0;0;0;0;0;0;218;0;0;0;218;0;162;0;0;0;0;162;0;0;0;0;0;0;0;0;0;0;0;0;254;0;0;63;0;191;923;21;0;98;174;630;500;90;150;0;162;98;724;0;0;0;374;350;157;0;0;157;0;0;274;0;83;191;0;0
Žiri;Število;16;0;0;3;9;4;21;1;0;3;4;13;16;0;1;3;3;9;16;0;0;4;5;7;18;0;1;1;6;10;14;0;1;2;6;5;13;0;1;3;6;3;11;0;0;4;2;5;11;0;1;1;3;6;22;0;16;1;2;3;7;0;0;0;2;5
Žiri;Površina [m2];3729;0;0;495;2067;1167;3883;31;0;373;832;2647;3420;0;34;567;476;2343;3067;0;0;527;952;1588;3698;0;91;142;1183;2282;2280;0;69;231;1081;899;2409;0;140;365;1406;498;2225;0;0;691;423;1111;1854;0;99;130;357;1268;2248;0;1030;95;414;709;1638;0;0;0;356;1282
Žirovnica;Število;17;2;0;1;5;9;38;0;13;15;6;4;15;0;0;0;2;13;3;0;0;0;2;1;8;0;0;2;2;4;8;1;1;0;0;6;10;0;1;2;2;5;5;0;1;0;2;2;4;1;0;1;1;1;8;3;0;2;2;1;4;0;0;0;1;3
Žirovnica;Površina [m2];2332;163;0;90;694;1385;3403;0;727;1341;677;658;2486;0;0;0;183;2303;401;0;0;0;249;152;1042;0;0;195;207;640;1279;137;50;0;0;1092;1568;0;79;165;373;951;979;0;56;0;371;552;652;60;0;139;147;306;991;323;0;235;265;168;563;0;0;0;160;403
Žužemberk;Število;8;0;1;1;1;5;7;0;0;0;3;4;3;0;1;0;1;1;5;0;0;0;0;5;11;0;1;0;4;6;15;1;0;0;5;9;7;0;1;0;2;4;14;0;0;2;3;9;17;0;2;3;4;8;14;0;0;2;4;8;11;1;0;1;1;8
Žužemberk;Površina [m2];1431;0;100;176;318;837;1304;0;0;0;605;699;497;0;186;0;120;191;891;0;0;0;0;891;2270;0;126;0;956;1188;2530;230;0;0;694;1606;1089;0;73;0;342;674;2055;0;0;132;352;1571;2580;0;178;319;775;1308;1998;0;0;264;528;1206;1795;71;0;122;148;1454
